date,open,high,low,close,volume,vwap,transactions,ticker
2020-09-11,335.82,336.97,331.0,334.06,84816970.0,334.1812,510131,SPY
2020-09-14,337.49,340.38,336.93,338.46,65104879.0,338.425,350028,SPY
2020-09-15,341.12,342.02,339.02,340.17,52355231.0,340.6847,295486,SPY
2020-09-16,341.51,343.06,338.52,338.82,82068163.0,340.5957,394865,SPY
2020-09-17,333.56,337.6996,332.991,335.84,91738710.0,335.4293,495503,SPY
2020-09-18,335.37,335.49,327.97,330.65,106074745.0,332.0557,499078,SPY
2020-09-21,325.7,327.13,321.73,326.97,99426745.0,324.5935,618663,SPY
2020-09-22,328.57,330.9,325.86,330.3,63772743.0,328.5876,364647,SPY
2020-09-23,330.9,331.2,322.1,322.64,92774530.0,325.8847,464348,SPY
2020-09-24,321.22,326.797,319.8,323.5,76811301.0,323.3855,510360,SPY
2020-09-25,322.58,329.58,321.64,328.73,71197640.0,326.1695,414135,SPY
2020-09-28,333.22,334.96,332.15,334.19,64606703.0,333.4203,326431,SPY
2020-09-29,333.97,334.77,331.6209,332.37,51672107.0,333.0532,307039,SPY
2020-09-30,333.09,338.29,332.88,334.89,103984655.0,335.2324,482213,SPY
2020-10-01,337.69,338.74,335.01,337.04,88920514.0,336.466,442961,SPY
2020-10-02,331.7,337.0126,331.19,333.84,89599433.0,334.3858,549062,SPY
2020-10-05,336.06,339.96,336.01,339.76,45887754.0,338.3194,307936,SPY
2020-10-06,339.91,342.17,334.38,334.93,89976445.0,337.7334,569840,SPY
2020-10-07,338.12,341.63,338.09,340.76,57169467.0,340.0076,319317,SPY
2020-10-08,342.85,343.85,341.86,343.78,45411768.0,343.1949,290069,SPY
2020-10-09,345.56,347.35,344.89,346.85,59728963.0,346.1058,328627,SPY
2020-10-12,349.59,354.02,349.06,352.43,79852096.0,351.4883,369352,SPY
2020-10-13,352.28,352.4651,349.09,350.13,73116080.0,351.2438,364272,SPY
2020-10-14,350.75,351.93,347.14,347.93,57902810.0,348.9124,356599,SPY
2020-10-15,343.71,348.02,343.13,347.5,60516632.0,346.0743,377757,SPY
2020-10-16,348.96,350.75,347.1,347.29,89764929.0,348.4023,334653,SPY
2020-10-19,348.65,349.33,341.04,342.01,68654735.0,344.4005,425702,SPY
2020-10-20,343.46,346.88,342.64,343.38,60198355.0,344.3025,418136,SPY
2020-10-21,343.33,348.6847,342.4,342.73,63701022.0,343.6668,410237,SPY
2020-10-22,342.96,345.24,340.65,344.61,55553305.0,343.4078,374621,SPY
2020-10-23,345.93,345.99,343.13,345.78,49285125.0,344.8922,312011,SPY
2020-10-26,342.13,342.98,335.62,339.39,91438344.0,339.4237,554486,SPY
2020-10-27,339.76,340.12,337.99,338.22,65978662.0,338.9144,404986,SPY
2020-10-28,332.1,338.2483,326.13,326.66,127353813.0,329.4803,770547,SPY
2020-10-29,326.91,333.395,325.09,329.98,90534802.0,329.5661,552663,SPY
2020-10-30,328.28,329.69,322.6,326.54,120282921.0,325.7258,730745,SPY
2020-11-02,330.2,332.36,327.24,330.2,86115746.0,329.6057,582406,SPY
2020-11-03,333.69,338.25,333.17,336.03,93227788.0,335.9885,552776,SPY
2020-11-04,340.86,347.94,339.59,343.54,127045985.0,343.6261,781463,SPY
2020-11-05,349.24,352.19,348.86,350.24,82419383.0,350.0009,553429,SPY
2020-11-06,349.93,351.51,347.65,350.16,75149967.0,350.0428,442281,SPY
2020-11-09,363.97,364.38,354.06,354.56,173058434.0,358.0624,926027,SPY
2020-11-10,353.49,355.18,350.51,354.04,85264498.0,353.6521,515126,SPY
2020-11-11,356.4,357.56,355.06,356.67,58481252.0,356.2689,319237,SPY
2020-11-12,355.58,356.7182,351.26,353.21,68151641.0,353.6193,419303,SPY
2020-11-13,355.27,358.9,354.71,358.1,62872273.0,356.8703,347058,SPY
2020-11-16,360.98,362.78,359.59,362.57,74730921.0,361.0941,396583,SPY
2020-11-17,359.97,361.92,358.34,360.62,66151279.0,360.5322,350730,SPY
2020-11-18,360.91,361.5,356.24,356.28,70749822.0,359.0703,361154,SPY
2020-11-19,355.6,358.18,354.15,357.78,60224552.0,356.4749,312727,SPY
2020-11-20,357.5,357.72,355.25,355.33,70365000.0,356.4758,301935,SPY
2020-11-23,357.28,358.82,354.865,357.46,62835493.0,356.9054,308195,SPY
2020-11-24,360.21,363.81,359.29,363.22,62621630.0,362.0528,341551,SPY
2020-11-25,363.13,363.16,361.48,362.66,43657514.0,362.5124,250057,SPY
2020-11-27,363.84,364.18,362.58,363.67,28479072.0,363.5943,148367,SPY
2020-11-30,362.83,363.12,359.17,362.06,83588299.0,361.7081,389734,SPY
2020-12-01,365.57,367.68,364.93,366.02,73961896.0,365.9547,378048,SPY
2020-12-02,364.82,366.96,364.2,366.79,45853208.0,366.0432,275076,SPY
2020-12-03,366.68,368.19,365.5,366.69,62307982.0,366.904,327422,SPY
2020-12-04,367.32,369.85,367.22,369.85,50407740.0,368.8001,253903,SPY
2020-12-07,369.02,369.62,367.72,369.09,49136033.0,368.9234,266704,SPY
2020-12-08,367.72,370.78,367.67,370.17,42268139.0,369.5275,226743,SPY
2020-12-09,370.88,371.05,365.95,366.85,74057133.0,368.1387,396721,SPY
2020-12-10,365.37,367.86,364.43,366.73,57922988.0,366.763,308043,SPY
2020-12-11,364.9,366.7402,363.26,366.3,57626449.0,365.4586,306997,SPY
2020-12-14,368.64,369.8,364.47,364.66,69194228.0,366.6098,353009,SPY
2020-12-15,367.4,369.59,365.92,369.59,64214191.0,367.8386,285593,SPY
2020-12-16,369.82,371.16,368.8676,370.17,58569131.0,369.9409,289564,SPY
2020-12-17,371.94,372.46,371.05,372.24,64330700.0,371.5896,264947,SPY
2020-12-18,370.97,371.15,367.02,369.18,136296347.0,369.4564,476978,SPY
2020-12-21,364.97,378.46,362.03,367.86,96516504.0,366.3107,534195,SPY
2020-12-22,368.21,368.3317,366.03,367.24,48545847.0,367.4513,293480,SPY
2020-12-23,368.28,369.62,367.39,367.57,46266987.0,368.373,257917,SPY
2020-12-24,368.08,369.03,367.45,369.0,26440653.0,368.3937,134314,SPY
2020-12-28,371.74,372.59,371.07,372.17,39196359.0,371.7342,217155,SPY
2020-12-29,373.81,374.0,370.83,371.46,53922979.0,371.9064,281873,SPY
2020-12-30,372.34,373.1,371.57,371.99,47453783.0,372.0897,217865,SPY
2020-12-31,371.78,374.66,371.232,373.88,78412991.0,373.1967,301439,SPY
2021-01-04,375.31,375.45,364.82,368.79,110478457.0,369.352,623063,SPY
2021-01-05,368.1,372.5,368.05,371.33,66580764.0,370.3831,338927,SPY
2021-01-06,369.71,376.98,369.12,373.55,108201038.0,373.7995,575345,SPY
2021-01-07,376.1,379.9,375.91,379.1,66841612.0,378.2337,366621,SPY
2021-01-08,380.59,381.49,377.1,381.26,71623236.0,380.1117,391942,SPY
2021-01-11,377.85,380.58,377.7189,378.69,51151848.0,379.1381,331772,SPY
2021-01-12,378.89,379.86,376.36,378.77,52692394.0,378.6651,319575,SPY
2021-01-13,378.69,380.86,377.85,379.79,45408266.0,379.6581,285328,SPY
2021-01-14,380.59,381.13,378.1,378.46,49908476.0,379.6721,277221,SPY
2021-01-15,376.72,377.58,373.7,375.7,106102383.0,376.1028,427120,SPY
2021-01-19,378.34,379.23,376.75,378.65,51328803.0,378.0918,295711,SPY
2021-01-20,381.11,384.79,380.69,383.89,61211499.0,382.5785,295869,SPY
2021-01-21,384.49,384.95,383.25,384.24,47887079.0,384.2358,248076,SPY
2021-01-22,382.25,384.1256,381.835,382.88,52322581.0,383.1974,251682,SPY
2021-01-25,383.67,384.77,378.46,384.39,70594392.0,382.7642,445945,SPY
2021-01-26,385.41,385.85,383.54,383.79,41457243.0,384.4052,272405,SPY
2021-01-27,380.22,380.32,372.01,374.41,123465353.0,376.5794,712256,SPY
2021-01-28,376.36,381.93,375.89,377.63,94387034.0,378.4114,509965,SPY
2021-01-29,375.63,376.67,368.27,370.07,126537171.0,372.2035,730086,SPY
2021-02-01,373.72,377.34,371.42,376.23,76204131.0,374.487,414900,SPY
2021-02-02,379.65,383.22,379.6,381.55,64708569.0,381.4685,343861,SPY
2021-02-03,382.435,383.7,380.48,381.85,52656585.0,382.333,291488,SPY
2021-02-04,382.96,386.24,382.78,386.19,46732539.0,384.5356,266908,SPY
2021-02-05,388.2,388.47,386.485,387.71,48863539.0,387.4232,253236,SPY
2021-02-08,389.27,390.56,388.35,390.51,38535608.0,389.299,240713,SPY
2021-02-09,389.61,390.89,389.17,390.25,35775029.0,390.288,235682,SPY
2021-02-10,392.12,392.28,387.5,390.08,59170131.0,389.9511,352176,SPY
2021-02-11,391.24,391.69,388.1,390.71,43070000.0,390.1722,272446,SPY
2021-02-12,389.85,392.9,389.77,392.64,50749624.0,391.598,252471,SPY
2021-02-16,393.96,394.17,391.53,392.3,51250583.0,392.8844,321225,SPY
2021-02-17,390.42,392.66,389.33,392.39,53065043.0,391.3754,315322,SPY
2021-02-18,389.59,391.515,387.74,390.72,59927621.0,390.1047,329956,SPY
2021-02-19,392.07,392.38,389.55,390.03,82264583.0,390.7587,324229,SPY
2021-02-22,387.06,389.62,386.74,387.03,67525246.0,387.9619,339348,SPY
2021-02-23,384.66,388.945,380.2,387.5,107317266.0,385.139,633288,SPY
2021-02-24,386.33,392.23,385.27,391.77,72389150.0,389.4661,459121,SPY
2021-02-25,390.41,391.88,380.7789,382.33,146861885.0,385.8698,1093783,SPY
2021-02-26,384.35,385.58,378.23,380.36,152919040.0,382.2421,1019385,SPY
2021-03-01,385.59,390.92,385.54,389.58,105213631.0,388.222,570888,SPY
2021-03-02,389.82,390.07,386.0,386.54,79275461.0,388.2773,513110,SPY
2021-03-03,385.79,386.83,381.31,381.42,119374393.0,384.0218,807407,SPY
2021-03-04,381.22,384.0,371.88,376.7,183594701.0,378.286,1338749,SPY
2021-03-05,380.46,384.76,372.64,383.63,152047537.0,379.1479,1163089,SPY
2021-03-08,384.66,387.68,381.42,381.72,122590782.0,384.6991,893817,SPY
2021-03-09,385.85,389.91,385.31,387.17,113448927.0,387.287,623523,SPY
2021-03-10,389.69,391.4,388.1702,389.58,110153696.0,389.6238,743867,SPY
2021-03-11,392.23,395.65,391.74,393.53,86413504.0,393.216,489439,SPY
2021-03-12,392.07,394.21,391.2,394.06,64774109.0,392.8978,426070,SPY
2021-03-15,394.33,396.685,392.03,396.41,73796511.0,394.5227,442252,SPY
2021-03-16,397.07,397.83,395.08,395.91,73931454.0,396.5745,452545,SPY
2021-03-17,394.53,398.12,393.3,397.26,98019311.0,395.6922,613419,SPY
2021-03-18,394.475,396.72,390.75,391.48,115499892.0,393.9945,627922,SPY
2021-03-19,389.88,391.569,387.15,389.48,113940418.0,389.834,602499,SPY
2021-03-22,390.03,394.07,389.97,392.59,73807542.0,391.9155,380057,SPY
2021-03-23,391.91,393.46,388.66,389.5,90822581.0,391.2144,521211,SPY
2021-03-24,391.0,392.75,387.47,387.52,97941109.0,390.114,590737,SPY
2021-03-25,385.98,390.55,383.9,389.7,116251957.0,387.4372,730184,SPY
2021-03-26,390.93,396.41,390.29,395.98,114564012.0,392.5261,586090,SPY
2021-03-29,394.4,396.75,392.81,395.78,108206334.0,395.1982,609253,SPY
2021-03-30,394.42,395.45,393.02,394.73,76525361.0,394.4529,435225,SPY
2021-03-31,395.34,398.0,395.31,396.33,112809529.0,396.3384,481274,SPY
2021-04-01,398.4,400.67,398.18,400.61,99895578.0,398.279,389134,SPY
2021-04-05,403.46,406.94,403.38,406.36,91825660.0,404.9325,448794,SPY
2021-04-06,405.76,407.24,405.4,406.12,62239948.0,406.378,332056,SPY
2021-04-07,405.94,406.96,405.45,406.59,55675548.0,406.3138,309291,SPY
2021-04-08,407.93,408.58,406.93,408.52,57794487.0,407.7764,301050,SPY
2021-04-09,408.39,411.67,408.26,411.49,61267803.0,409.8054,332849,SPY
2021-04-12,410.85,411.93,410.2,411.64,56907047.0,411.186,329958,SPY
2021-04-13,411.53,413.529,411.12,412.86,56770624.0,412.2494,328522,SPY
2021-04-14,412.83,413.96,410.87,411.45,61758661.0,412.362,414582,SPY
2021-04-15,413.74,416.16,413.69,415.87,60298783.0,414.7335,381447,SPY
2021-04-16,417.25,417.91,415.73,417.26,82295202.0,416.9368,380965,SPY
2021-04-19,416.26,416.74,413.79,415.21,78626254.0,415.3593,455138,SPY
2021-04-20,413.91,415.0859,410.59,412.17,81981133.0,412.6764,482875,SPY
2021-04-21,411.51,416.29,411.36,416.07,66940318.0,414.5684,360284,SPY
2021-04-22,415.89,416.78,411.13,412.27,97638164.0,413.9405,590015,SPY
2021-04-23,412.87,418.25,412.79,416.74,73337139.0,415.659,363055,SPY
2021-04-26,417.44,418.22,416.97,417.61,52214900.0,417.5082,297404,SPY
2021-04-27,417.93,418.14,416.3,417.52,51484802.0,417.4828,301338,SPY
2021-04-28,417.81,419.01,416.9,417.4,51148801.0,417.7436,332653,SPY
2021-04-29,420.32,420.72,416.44,420.06,78779400.0,418.8354,452193,SPY
2021-04-30,417.63,418.54,416.34,417.3,85741191.0,417.6486,483015,SPY
2021-05-03,419.43,419.84,417.665,418.2,68340826.0,418.2948,382841,SPY
2021-05-04,416.07,416.6,411.67,415.62,101780093.0,414.475,638481,SPY
2021-05-05,417.38,417.63,414.94,415.75,60257756.0,416.2568,396017,SPY
2021-05-06,415.83,419.21,413.675,419.07,74442960.0,416.6705,500692,SPY
2021-05-07,419.89,422.815,419.16,422.12,67904191.0,421.614,431793,SPY
2021-05-10,422.5,422.74,417.81,417.94,82023882.0,420.4215,498569,SPY
2021-05-11,413.1,415.27,410.06,414.21,117104187.0,413.6393,802647,SPY
2021-05-12,411.23,412.59,404.0,405.41,134557560.0,408.3354,844321,SPY
2021-05-13,407.07,412.35,407.02,410.28,106574824.0,410.0025,722767,SPY
2021-05-14,413.21,417.49,413.18,416.58,82431395.0,415.2963,451304,SPY
2021-05-17,415.39,416.39,413.36,415.52,65231637.0,415.0019,446555,SPY
2021-05-18,415.8,416.06,411.77,411.94,59988588.0,414.3152,410366,SPY
2021-05-19,406.92,411.05,405.33,410.86,106399284.0,408.5827,740853,SPY
2021-05-20,411.8,416.625,411.67,415.28,78120117.0,414.3526,483768,SPY
2021-05-21,416.87,418.2,414.45,414.94,76761231.0,415.943,471827,SPY
2021-05-24,417.34,420.32,417.08,419.17,51609310.0,418.8735,329683,SPY
2021-05-25,420.33,420.71,417.62,418.24,57639401.0,418.8644,382277,SPY
2021-05-26,418.87,419.61,417.76,419.07,43267919.0,418.8257,308691,SPY
2021-05-27,420.17,420.72,419.12,419.29,56780925.0,419.7647,398523,SPY
2021-05-28,420.97,421.25,419.79,420.04,58178233.0,420.3828,340040,SPY
2021-06-01,422.57,422.72,419.2,419.67,54055887.0,420.2467,379475,SPY
2021-06-02,420.37,421.23,419.29,420.33,49195766.0,420.1838,309854,SPY
2021-06-03,417.85,419.99,416.28,418.77,58329399.0,418.7593,407471,SPY
2021-06-04,420.75,422.92,420.68,422.6,55807692.0,421.672,323607,SPY
2021-06-07,422.59,422.78,421.19,422.19,51704728.0,421.9857,321546,SPY
2021-06-08,423.11,423.21,420.32,422.28,46964278.0,422.1817,322191,SPY
2021-06-09,423.18,423.26,421.41,421.65,48444999.0,422.3273,286360,SPY
2021-06-10,422.96,424.63,421.55,423.61,51049901.0,423.3297,338424,SPY
2021-06-11,424.2,424.43,422.82,424.31,43234019.0,423.7817,258214,SPY
2021-06-14,424.43,425.37,423.1,425.26,42210255.0,424.0982,279892,SPY
2021-06-15,425.42,425.46,423.54,424.48,51671109.0,424.5186,301990,SPY
2021-06-16,424.63,424.87,419.92,422.11,79931518.0,422.489,649279,SPY
2021-06-17,421.67,423.02,419.32,421.97,91117086.0,421.8919,571245,SPY
2021-06-18,417.09,417.8281,414.7,414.92,118528545.0,416.803,718016,SPY
2021-06-21,416.8,421.06,415.93,420.86,72920873.0,419.2599,453658,SPY
2021-06-22,420.85,424.0,420.08,423.11,56977011.0,422.2165,351117,SPY
2021-06-23,423.19,424.05,422.51,422.6,49240348.0,423.175,291116,SPY
2021-06-24,424.89,425.55,424.62,425.1,45246597.0,424.8872,292709,SPY
2021-06-25,425.9,427.0943,425.55,426.61,58240132.0,426.2099,330093,SPY
2021-06-28,427.17,427.65,425.89,427.47,53354729.0,426.8197,296632,SPY
2021-06-29,427.88,428.56,427.13,427.7,35873804.0,427.8444,249144,SPY
2021-06-30,427.21,428.78,427.18,428.06,64517207.0,428.0337,316131,SPY
2021-07-01,428.87,430.6,428.8,430.43,53657782.0,429.7116,316827,SPY
2021-07-02,431.67,434.1,431.33,433.72,57852713.0,432.8409,313148,SPY
2021-07-06,433.78,434.01,430.01,432.93,68729063.0,432.1618,399106,SPY
2021-07-07,433.66,434.76,431.51,434.46,63714583.0,433.7315,390379,SPY
2021-07-08,428.78,431.73,427.52,430.92,97804861.0,430.1577,648986,SPY
2021-07-09,432.53,435.84,432.31,435.52,76378977.0,434.4412,394502,SPY
2021-07-12,435.43,437.35,434.97,437.08,52449266.0,436.5282,345868,SPY
2021-07-13,436.24,437.84,435.31,435.59,52790461.0,436.3838,365362,SPY
2021-07-14,437.4,437.92,434.91,436.24,64286151.0,436.3153,357507,SPY
2021-07-15,434.81,435.53,432.72,434.75,55212984.0,434.4532,421957,SPY
2021-07-16,436.01,436.06,430.92,431.34,72752672.0,433.2107,457243,SPY
2021-07-19,426.19,431.4089,421.97,424.97,147932133.0,424.4345,1020165,SPY
2021-07-20,425.68,432.42,424.83,431.06,99784841.0,429.6423,591627,SPY
2021-07-21,432.34,434.7,431.0111,434.55,64904513.0,433.4252,346365,SPY
2021-07-22,434.74,435.72,433.69,435.46,47963026.0,434.8862,315207,SPY
2021-07-23,437.52,440.3,436.79,439.94,63950573.0,438.521,376771,SPY
2021-07-26,439.31,441.03,439.26,441.02,43875088.0,440.195,283529,SPY
2021-07-27,439.91,439.94,435.99,439.01,67539148.0,438.2311,492000,SPY
2021-07-28,439.68,440.3,437.31,438.83,50894998.0,438.9868,391860,SPY
2021-07-29,439.815,441.8,439.81,440.65,47397842.0,440.8157,303009,SPY
2021-07-30,437.91,440.06,437.77,438.51,68951202.0,438.8069,427130,SPY
2021-08-02,440.34,440.93,437.21,437.59,58399297.0,438.9469,409572,SPY
2021-08-03,438.44,441.28,436.1,441.15,57738850.0,439.1748,412417,SPY
2021-08-04,439.78,441.1243,438.73,438.98,46706212.0,439.705,337471,SPY
2021-08-05,440.22,441.85,439.88,441.76,38964559.0,440.6863,259461,SPY
2021-08-06,442.1,442.94,441.8,442.49,45812008.0,442.3052,283934,SPY
2021-08-09,442.46,442.795,441.31,442.13,41222585.0,442.2061,242109,SPY
2021-08-10,442.61,443.44,441.88,442.68,42975851.0,442.5943,266361,SPY
2021-08-11,443.82,443.882,442.62,443.78,43749190.0,443.3916,274051,SPY
2021-08-12,443.62,445.2572,442.66,445.11,38942418.0,444.1853,261155,SPY
2021-08-13,445.59,445.94,445.07,445.92,39441451.0,445.5441,234209,SPY
2021-08-16,444.53,447.11,442.87,446.97,73930864.0,445.2783,407360,SPY
2021-08-17,444.24,444.96,440.85,444.04,92651433.0,443.5632,594093,SPY
2021-08-18,442.96,444.625,438.92,439.18,89351931.0,441.7939,510458,SPY
2021-08-19,436.27,441.14,436.12,439.86,92689386.0,439.099,682355,SPY
2021-08-20,440.23,443.71,439.71,443.36,71819112.0,442.2624,410210,SPY
2021-08-23,445.16,448.23,443.4355,447.26,54968538.0,446.7581,322046,SPY
2021-08-24,447.97,448.54,447.42,447.97,38721714.0,447.9647,251170,SPY
2021-08-25,448.17,449.457,447.77,448.91,40529711.0,448.7852,251660,SPY
2021-08-26,448.61,448.86,446.16,446.26,57710772.0,447.238,441246,SPY
2021-08-27,447.12,450.65,447.06,450.25,77056613.0,449.4451,395689,SPY
2021-08-30,450.97,453.07,450.71,452.23,48357355.0,452.0586,297857,SPY
2021-08-31,452.13,452.49,450.92,451.56,58987985.0,451.7938,336320,SPY
2021-09-01,452.56,453.11,451.545,451.8,48580378.0,452.2969,334755,SPY
2021-09-02,453.32,454.05,451.91,453.19,40912367.0,452.9232,290617,SPY
2021-09-03,451.98,453.63,451.55,453.08,47231364.0,452.9032,309749,SPY
2021-09-07,452.71,452.81,450.7423,451.46,51921318.0,451.8342,352112,SPY
2021-09-08,450.89,451.67,448.86,450.91,56147907.0,450.5382,414394,SPY
2021-09-09,450.7,452.57,448.72,448.98,57935207.0,450.2357,411806,SPY
2021-09-10,451.04,451.49,445.31,445.44,89465874.0,447.6791,528437,SPY
2021-09-13,448.64,448.92,444.11,446.58,83969944.0,446.0005,595851,SPY
2021-09-14,448.12,448.34,443.22,444.17,79344873.0,444.9748,513360,SPY
2021-09-15,444.62,448.41,443.44,447.88,78937824.0,446.2478,478421,SPY
2021-09-16,447.32,448.36,444.02,447.17,77209185.0,446.5427,494053,SPY
2021-09-17,444.92,445.37,441.02,441.4,118047787.0,442.6771,719238,SPY
2021-09-20,434.88,436.56,428.86,434.04,165478034.0,433.6052,1162776,SPY
2021-09-21,436.53,437.91,433.07,433.63,92357112.0,435.1409,688757,SPY
2021-09-22,436.05,440.03,433.747,437.86,101480143.0,437.8969,775245,SPY
2021-09-23,439.85,444.89,439.6,443.18,76365981.0,442.9113,560385,SPY
2021-09-24,441.44,444.67,441.21,443.91,61994837.0,443.3184,407156,SPY
2021-09-27,442.81,444.05,441.9,442.64,60867583.0,443.0258,426386,SPY
2021-09-28,439.69,440.04,432.94,433.72,130350306.0,435.6609,948210,SPY
2021-09-29,435.19,437.04,433.85,434.45,82058963.0,435.3033,598061,SPY
2021-09-30,436.02,436.77,428.78,429.14,140598198.0,432.0754,928225,SPY
2021-10-01,430.98,436.0329,427.23,434.24,129107301.0,431.7327,852551,SPY
2021-10-04,433.0,433.96,426.36,428.64,128346956.0,429.0805,940502,SPY
2021-10-05,430.24,435.49,429.39,433.1,90682519.0,433.1342,595529,SPY
2021-10-06,429.27,435.1199,427.54,434.9,112977345.0,431.7015,828088,SPY
2021-10-07,438.39,441.68,438.2,438.66,72335949.0,439.676,524649,SPY
2021-10-08,439.48,439.89,437.19,437.86,74665304.0,438.3975,488344,SPY
2021-10-11,437.16,440.26,434.62,434.69,65233283.0,437.1387,435654,SPY
2021-10-12,435.67,436.1,432.78,433.62,71170063.0,434.3746,492212,SPY
2021-10-13,434.71,436.05,431.54,435.18,72761979.0,434.0766,513022,SPY
2021-10-14,439.08,442.66,438.58,442.5,67509325.0,441.0021,451179,SPY
2021-10-15,444.75,446.26,444.09,445.87,66145960.0,445.1634,417630,SPY
2021-10-18,443.97,447.55,443.27,447.19,62213228.0,446.2843,390540,SPY
2021-10-19,448.92,450.71,448.27,450.64,46957827.0,449.8321,376977,SPY
2021-10-20,451.13,452.732,451.01,452.41,49571569.0,451.912,371072,SPY
2021-10-21,451.77,453.829,451.31,453.59,41055438.0,452.4889,315667,SPY
2021-10-22,453.13,454.67,451.05,453.12,58745088.0,453.0362,494968,SPY
2021-10-25,454.28,455.9,452.39,455.55,45173607.0,454.6282,346367,SPY
2021-10-26,457.2,458.49,455.56,455.96,55858916.0,456.8677,459682,SPY
2021-10-27,456.45,457.16,453.86,453.94,72215997.0,455.217,442869,SPY
2021-10-28,455.46,458.4,455.45,458.32,51412959.0,456.8443,361417,SPY
2021-10-29,455.87,459.56,455.56,459.25,70147024.0,458.3068,436007,SPY
2021-11-01,460.3,460.7021,458.2,460.04,48433642.0,459.4617,408110,SPY
2021-11-02,460.22,462.23,460.08,461.9,48504417.0,461.3643,342315,SPY
2021-11-03,461.3,465.15,460.83,464.72,52507426.0,463.0092,427380,SPY
2021-11-04,465.36,467.0,464.99,466.91,52842687.0,465.9631,386856,SPY
2021-11-05,469.28,470.65,466.92,468.53,66100363.0,468.8804,494032,SPY
2021-11-08,469.7,470.23,468.2031,468.93,50192592.0,468.9905,354640,SPY
2021-11-09,469.32,469.57,465.88,467.38,51132147.0,467.3029,461988,SPY
2021-11-10,465.58,467.38,462.04,463.62,69429644.0,464.8782,556473,SPY
2021-11-11,465.21,465.29,463.75,463.77,34848494.0,464.3668,282338,SPY
2021-11-12,465.12,467.86,464.11,467.27,53466654.0,466.3091,344554,SPY
2021-11-15,468.64,468.81,466.23,467.43,46967500.0,467.3737,372696,SPY
2021-11-16,467.15,470.485,467.07,469.28,48857502.0,469.0457,328010,SPY
2021-11-17,469.0,469.19,467.48,468.14,47158289.0,468.37,327913,SPY
2021-11-18,469.24,470.01,466.34,469.73,50625607.0,468.7785,368768,SPY
2021-11-19,469.61,470.94,468.5,468.89,54378573.0,469.4411,355189,SPY
2021-11-22,470.89,473.54,467.35,467.57,72491954.0,470.435,542126,SPY
2021-11-23,467.22,469.095,464.45,468.19,73206538.0,466.9913,563874,SPY
2021-11-24,466.06,469.57,465.19,469.44,61508813.0,468.0542,436744,SPY
2021-11-26,462.34,463.9,457.77,458.97,112669635.0,461.2786,785687,SPY
2021-11-29,464.07,466.56,461.73,464.6,86240818.0,464.0689,571696,SPY
2021-11-30,462.0,464.03,455.3,455.56,148559598.0,458.8431,1145807,SPY
2021-12-01,461.64,464.67,450.29,450.5,132414435.0,457.4152,1039069,SPY
2021-12-02,450.73,459.07,450.31,457.4,127637758.0,455.7043,1022777,SPY
2021-12-03,459.17,460.3,448.92,453.42,137331647.0,453.0439,1234209,SPY
2021-12-06,456.13,460.79,453.56,458.79,97477532.0,457.5764,765876,SPY
2021-12-07,464.41,468.88,458.6546,468.28,95467688.0,466.813,640751,SPY
2021-12-08,468.7,470.0,466.83,469.52,71609277.0,468.5873,507901,SPY
2021-12-09,468.15,469.6291,466.14,466.35,61272568.0,467.9605,489126,SPY
2021-12-10,469.23,470.9,466.51,470.74,77128507.0,468.9296,513526,SPY
2021-12-13,470.19,470.56,466.27,466.57,87724680.0,468.0599,615392,SPY
2021-12-14,463.09,465.74,460.25,463.36,97159128.0,463.1988,627255,SPY
2021-12-15,463.42,470.86,460.74,470.6,116899251.0,465.8393,882924,SPY
2021-12-16,472.57,472.87,464.8,466.45,116494626.0,468.7097,820646,SPY
2021-12-17,461.55,464.74,458.06,459.87,135583150.0,461.5026,889475,SPY
2021-12-20,454.48,455.4,451.14,454.98,106788817.0,454.1844,807669,SPY
2021-12-21,458.61,463.21,456.31,463.06,69806260.0,460.2953,619585,SPY
2021-12-22,462.79,467.81,462.58,467.69,58790223.0,465.801,454693,SPY
2021-12-23,468.75,472.19,468.64,470.6,56139745.0,470.6108,381386,SPY
2021-12-27,472.06,477.31,472.01,477.26,56808619.0,475.279,380197,SPY
2021-12-28,477.72,478.81,476.06,476.87,46974585.0,477.2276,372331,SPY
2021-12-29,476.98,478.56,475.92,477.48,54091464.0,477.2659,345712,SPY
2021-12-30,477.93,479.0,475.67,476.16,55329041.0,477.4587,353567,SPY
2021-12-31,475.64,476.86,474.67,474.96,64917431.0,475.6196,435448,SPY
2022-01-03,476.3,477.85,473.85,477.71,72668233.0,476.527,535421,SPY
2022-01-04,479.22,479.98,475.58,477.55,71070678.0,477.8703,565655,SPY
2022-01-05,477.16,477.98,468.2801,468.38,104494940.0,473.2328,788712,SPY
2022-01-06,467.89,470.82,465.43,467.94,86498500.0,468.4813,806488,SPY
2022-01-07,467.95,469.2,464.65,466.09,85111593.0,466.939,625067,SPY
2022-01-10,462.7,465.74,456.5973,465.51,119361988.0,461.5904,963294,SPY
2022-01-11,465.23,469.85,462.05,469.75,74189562.0,466.4853,626792,SPY
2022-01-12,471.59,473.2,468.94,471.02,67602444.0,470.9955,632057,SPY
2022-01-13,472.19,472.88,463.44,464.53,91137601.0,467.9368,724347,SPY
2022-01-14,461.19,465.09,459.9,464.72,95890948.0,462.9488,855904,SPY
2022-01-18,459.74,459.96,455.31,456.49,109851226.0,457.9682,911795,SPY
2022-01-19,458.13,459.6124,451.46,451.75,108347069.0,455.5262,880787,SPY
2022-01-20,453.75,458.74,444.5,446.75,122001796.0,452.3944,986090,SPY
2022-01-21,445.56,448.06,437.95,437.98,202025141.0,442.5437,1885192,SPY
2022-01-24,432.03,440.38,420.76,439.84,252248938.0,430.7247,3263011,SPY
2022-01-25,433.06,439.72,427.15,434.47,167685150.0,433.6947,1832295,SPY
2022-01-26,440.72,444.04,428.86,433.38,186240418.0,437.1371,2620794,SPY
2022-01-27,438.26,441.59,429.45,431.24,149846107.0,434.5969,1837412,SPY
2022-01-28,432.68,442.0,427.82,441.95,164188170.0,435.3435,1759648,SPY
2022-01-31,441.24,450.28,439.81,449.91,152106025.0,445.9021,1132217,SPY
2022-02-01,450.68,453.63,446.9384,452.95,123155381.0,450.7136,1094848,SPY
2022-02-02,455.5,458.12,453.05,457.35,116776953.0,455.6624,998599,SPY
2022-02-03,450.95,452.97,445.71,446.6,118024442.0,449.827,1106476,SPY
2022-02-04,446.35,452.78,443.83,448.7,118436652.0,448.3226,1162845,SPY
2022-02-07,449.51,450.99,445.85,447.26,84472859.0,448.6198,759934,SPY
2022-02-08,446.73,451.92,445.22,450.94,80981286.0,449.0816,685659,SPY
2022-02-09,455.22,457.88,455.005,457.54,92495929.0,455.9303,670714,SPY
2022-02-10,451.34,457.71,447.2,449.32,140103712.0,452.9121,1217132,SPY
2022-02-11,449.41,451.605,438.94,440.46,153214597.0,444.1699,1467422,SPY
2022-02-14,439.92,441.6,435.34,439.02,122934262.0,438.9049,1148020,SPY
2022-02-15,443.73,446.28,443.18,446.1,88641503.0,444.6794,751040,SPY
2022-02-16,443.93,448.055,441.94,446.6,84815085.0,444.9697,784456,SPY
2022-02-17,443.22,446.5652,436.42,437.06,102259108.0,439.9789,850969,SPY
2022-02-18,437.33,438.66,431.82,434.23,132502896.0,435.2278,1137286,SPY
2022-02-22,431.89,435.5,425.86,429.57,124379870.0,430.707,1213511,SPY
2022-02-23,432.66,433.26,421.35,421.95,132374005.0,425.9146,1166037,SPY
2022-02-24,411.02,428.76,410.64,428.3,213923446.0,419.7499,2316981,SPY
2022-02-25,429.61,437.84,427.86,437.75,121785659.0,434.3466,1141900,SPY
2022-02-28,432.03,438.2,430.7,436.63,145594529.0,434.5719,1305973,SPY
2022-03-01,435.04,437.17,427.11,429.98,137720158.0,431.6669,1422063,SPY
2022-03-02,432.37,439.72,431.57,437.89,117711825.0,436.2299,1252755,SPY
2022-03-03,440.47,441.11,433.8,435.71,105501715.0,436.9085,1039161,SPY
2022-03-04,431.75,433.37,427.88,432.17,114083256.0,430.9209,1085108,SPY
2022-03-07,431.55,432.3018,419.36,419.43,137811760.0,423.9601,1448619,SPY
2022-03-08,419.62,427.21,415.12,416.25,164739744.0,419.763,1950899,SPY
2022-03-09,425.14,429.51,422.82,427.41,116832265.0,426.181,1133569,SPY
2022-03-10,422.52,426.43,420.44,425.48,93972655.0,423.8766,917457,SPY
2022-03-11,428.12,428.77,419.53,420.07,95360277.0,423.9476,837760,SPY
2022-03-14,420.89,424.55,415.79,417.0,95729188.0,419.1776,897065,SPY
2022-03-15,419.77,426.84,418.42,426.17,106134117.0,422.761,949202,SPY
2022-03-16,429.89,435.68,424.8,435.62,144704805.0,431.3891,1405236,SPY
2022-03-17,433.59,441.07,433.19,441.07,102651870.0,437.6986,812423,SPY
2022-03-18,438.0,444.86,437.22,444.52,106332044.0,441.5188,814468,SPY
2022-03-21,444.34,446.46,440.68,444.39,88249756.0,443.8006,937033,SPY
2022-03-22,445.86,450.58,445.86,449.59,74280394.0,448.5657,637073,SPY
2022-03-23,446.91,448.49,443.71,443.8,79367033.0,446.0537,641633,SPY
2022-03-24,445.94,450.5,444.76,450.49,64736892.0,447.7172,538727,SPY
2022-03-25,451.16,452.98,448.43,452.69,76738724.0,451.0456,662816,SPY
2022-03-28,452.06,455.91,450.06,455.91,68289867.0,453.2845,624220,SPY
2022-03-29,460.02,462.07,457.18,461.55,86556542.0,459.637,738517,SPY
2022-03-30,460.34,461.195,456.465,458.7,79155242.0,459.1689,659195,SPY
2022-03-31,457.89,458.76,451.16,451.64,121083948.0,455.3757,755684,SPY
2022-04-01,453.31,453.46,449.14,452.92,88973773.0,451.8507,627039,SPY
2022-04-04,453.13,456.91,452.26,456.8,59504500.0,455.311,504721,SPY
2022-04-05,455.22,457.83,449.82,451.03,74213133.0,453.4101,646030,SPY
2022-04-06,446.89,448.93,443.47,446.52,106844970.0,446.3477,903937,SPY
2022-04-07,445.59,450.69,443.53,448.77,78097214.0,447.1117,632862,SPY
2022-04-08,447.97,450.63,445.94,447.57,79205711.0,448.2497,574887,SPY
2022-04-11,444.11,445.0,439.39,439.92,89770538.0,442.2088,781085,SPY
2022-04-12,443.08,445.75,436.6501,438.29,84363635.0,440.8142,696834,SPY
2022-04-13,438.03,444.11,437.84,443.31,73950154.0,441.2623,567443,SPY
2022-04-14,443.55,444.7301,437.68,437.79,97869451.0,440.2705,705563,SPY
2022-04-18,436.81,439.75,435.61,437.97,64950498.0,437.8417,575881,SPY
2022-04-19,437.86,445.8,437.68,445.04,77784013.0,443.0733,599070,SPY
2022-04-20,446.92,447.57,443.48,444.71,65210049.0,445.6116,595910,SPY
2022-04-21,448.54,450.01,437.1,438.06,85417327.0,442.7637,722878,SPY
2022-04-22,436.91,438.0825,425.44,426.04,132371772.0,429.8197,974880,SPY
2022-04-25,423.67,428.69,418.84,428.51,119636648.0,423.9628,1146068,SPY
2022-04-26,425.83,426.04,416.07,416.1,103996312.0,420.0383,1007658,SPY
2022-04-27,417.24,422.92,415.01,417.27,121980990.0,418.8355,1010488,SPY
2022-04-28,422.29,429.64,417.6,427.81,105375338.0,424.0568,807518,SPY
2022-04-29,423.59,425.87,411.21,412.0,145311088.0,416.8611,1148898,SPY
2022-05-02,412.07,415.92,405.02,414.48,158312526.0,411.153,1466164,SPY
2022-05-03,415.01,418.93,413.36,416.38,100013490.0,416.1059,854781,SPY
2022-05-04,417.08,429.66,413.7099,429.06,144247895.0,421.2666,1465732,SPY
2022-05-05,424.55,425.0,409.44,413.81,172929106.0,415.4351,1586336,SPY
2022-05-06,411.1,414.8,405.73,411.34,151746311.0,410.5178,1531002,SPY
2022-05-09,405.1,406.41,396.5,398.17,155571067.0,401.9209,1422451,SPY
2022-05-10,404.49,406.08,394.82,399.09,132497200.0,399.8401,1467481,SPY
2022-05-11,398.07,404.04,391.96,392.75,142360992.0,397.438,1530065,SPY
2022-05-12,389.37,395.8,385.15,392.34,125090753.0,389.9946,1485883,SPY
2022-05-13,396.71,403.18,395.61,401.72,104060921.0,399.8724,859058,SPY
2022-05-16,399.98,403.97,397.6,400.09,78582794.0,400.6442,734539,SPY
2022-05-17,406.53,408.57,402.5824,408.32,82720710.0,405.7484,743971,SPY
2022-05-18,403.5,403.8,390.55,391.86,117669645.0,396.0277,967497,SPY
2022-05-19,388.62,394.14,387.11,389.46,98477715.0,390.3546,937782,SPY
2022-05-20,393.25,397.03,380.54,389.63,131137197.0,387.0485,1100341,SPY
2022-05-23,392.83,397.73,390.38,396.92,76371878.0,395.1774,714909,SPY
2022-05-24,392.56,395.15,386.96,393.89,91380131.0,391.5536,804223,SPY
2022-05-25,392.31,399.45,391.89,397.37,91397866.0,395.7817,768574,SPY
2022-05-26,398.67,407.04,398.45,405.31,82123839.0,404.2641,606434,SPY
2022-05-27,407.91,415.3801,407.7,415.26,84769855.0,412.4828,603517,SPY
2022-05-31,413.55,416.46,410.03,412.93,95936980.0,413.3975,713844,SPY
2022-06-01,415.17,416.24,406.93,409.59,86565813.0,410.7886,697746,SPY
2022-06-02,409.42,417.44,407.04,417.39,79409633.0,413.3725,616249,SPY
2022-06-03,412.4,414.04,409.51,410.54,71874281.0,411.8587,577277,SPY
2022-06-06,414.78,416.609,410.5523,411.79,57503038.0,413.0568,473552,SPY
2022-06-07,408.1,416.22,407.61,415.74,59259373.0,412.9883,481780,SPY
2022-06-08,413.93,415.82,410.38,411.22,64349966.0,412.7375,505047,SPY
2022-06-09,409.34,411.74,401.44,401.44,86249796.0,406.8426,580040,SPY
2022-06-10,394.88,395.7777,389.75,389.8,131723864.0,392.8831,914118,SPY
2022-06-13,379.85,381.81,373.3,375.0,169975861.0,378.6775,1138048,SPY
2022-06-14,376.85,377.94,370.59,373.87,104007431.0,374.3226,826153,SPY
2022-06-15,377.36,383.9,372.12,379.2,125666797.0,378.0522,1079873,SPY
2022-06-16,370.51,370.94,364.0799,366.65,134219538.0,368.4679,911464,SPY
2022-06-17,365.51,369.38,362.17,365.86,111113904.0,366.2577,826497,SPY
2022-06-21,371.89,376.525,371.81,375.07,76811861.0,374.3771,581110,SPY
2022-06-22,370.62,378.72,370.18,374.39,90059424.0,375.1498,607593,SPY
2022-06-23,376.64,378.83,372.89,378.06,79292135.0,376.2289,632097,SPY
2022-06-24,381.4,390.09,381.365,390.08,97948933.0,386.7175,632670,SPY
2022-06-27,391.05,391.36,387.44,388.59,65955617.0,389.0839,555367,SPY
2022-06-28,390.23,393.16,380.53,380.65,86680824.0,384.908,643730,SPY
2022-06-29,381.23,382.27,378.42,380.34,65583999.0,380.3919,522698,SPY
2022-06-30,376.24,380.6582,372.56,377.25,112503273.0,377.0747,805230,SPY
2022-07-01,376.56,381.7,373.8,381.24,74837629.0,378.234,606017,SPY
2022-07-05,375.88,381.98,372.9,381.96,81406965.0,377.5154,649490,SPY
2022-07-06,382.11,385.87,379.6,383.25,70121444.0,382.5043,619249,SPY
2022-07-07,385.12,389.83,383.267,388.99,64511919.0,387.6265,470171,SPY
2022-07-08,387.27,390.64,385.66,388.67,72385765.0,388.654,513500,SPY
2022-07-11,385.85,386.87,383.5,384.23,58366945.0,384.8712,475888,SPY
2022-07-12,383.65,386.16,378.99,380.83,62219178.0,382.6181,514047,SPY
2022-07-13,375.1,381.92,374.658,378.83,84198649.0,378.8276,677546,SPY
2022-07-14,373.61,379.0498,371.04,377.91,89704819.0,375.5832,642061,SPY
2022-07-15,382.55,385.25,380.54,385.13,79026583.0,383.3245,490641,SPY
2022-07-18,388.38,389.09,380.66,381.95,63203626.0,385.091,492280,SPY
2022-07-19,386.08,392.87,385.39,392.27,78505972.0,389.3658,536188,SPY
2022-07-20,392.47,396.26,391.03,394.77,71843769.0,394.171,529990,SPY
2022-07-21,394.16,398.84,391.63,398.79,64903856.0,396.1218,524202,SPY
2022-07-22,398.92,400.18,392.75,395.09,72197322.0,395.9432,529345,SPY
2022-07-25,395.75,396.47,393.21,395.57,53599485.0,395.0443,440037,SPY
2022-07-26,393.84,394.06,389.95,390.89,52946393.0,391.8555,438456,SPY
2022-07-27,394.36,402.88,394.05,401.04,82042106.0,398.2952,597549,SPY
2022-07-28,401.89,406.8,398.15,406.07,73962563.0,403.6443,570078,SPY
2022-07-29,407.58,413.03,406.77,411.99,87003672.0,410.6717,546745,SPY
2022-08-01,409.15,413.41,408.4,410.77,69972971.0,411.0756,518949,SPY
2022-08-02,409.12,413.0,406.82,408.06,63435418.0,409.6317,505800,SPY
2022-08-03,410.3,415.68,410.0,414.45,67810555.0,413.2696,465611,SPY
2022-08-04,414.37,415.09,412.44,414.17,45656574.0,414.0805,365311,SPY
2022-08-05,409.66,414.15,409.6,413.47,56814929.0,412.2923,455952,SPY
2022-08-08,415.25,417.62,411.83,412.99,54025965.0,414.4226,422674,SPY
2022-08-09,412.22,412.75,410.22,411.35,44931772.0,411.3326,367151,SPY
2022-08-10,418.78,420.14,416.72,419.99,68580712.0,418.1864,476082,SPY
2022-08-11,422.99,424.95,419.21,419.99,59489704.0,421.5761,444585,SPY
2022-08-12,422.03,427.21,421.03,427.1,61626042.0,424.556,398232,SPY
2022-08-15,424.765,429.41,424.71,428.86,53892880.0,427.6364,375069,SPY
2022-08-16,427.73,431.73,426.88,429.7,59289039.0,429.3083,411675,SPY
2022-08-17,425.91,429.5,424.54,426.65,62805394.0,426.9901,453971,SPY
2022-08-18,426.86,428.61,425.5,427.89,49023206.0,427.1517,332724,SPY
2022-08-19,424.98,425.26,421.22,422.14,67670402.0,423.0959,439875,SPY
2022-08-22,417.05,417.23,412.4,413.35,77438140.0,415.0482,484998,SPY
2022-08-23,412.9,415.42,411.77,412.35,49105249.0,413.0961,390369,SPY
2022-08-24,412.11,415.1101,411.39,413.67,49159304.0,413.3834,335697,SPY
2022-08-25,415.24,419.56,414.09,419.51,50642252.0,416.921,339148,SPY
2022-08-26,419.39,419.96,405.25,405.31,102816976.0,410.7917,672397,SPY
2022-08-29,402.2,405.84,401.1999,402.63,65368110.0,403.5533,490118,SPY
2022-08-30,403.85,404.1,396.0,398.21,85554443.0,399.0826,610724,SPY
2022-08-31,399.93,401.24,395.04,395.18,75752871.0,397.2118,504189,SPY
2022-09-01,392.89,396.78,390.04,396.42,78635284.0,393.0494,597629,SPY
2022-09-02,400.28,401.555,390.33,392.24,99632149.0,395.3788,642566,SPY
2022-09-06,393.13,394.12,388.42,390.76,76395050.0,391.2617,559124,SPY
2022-09-07,390.43,398.59,390.2,397.78,70764232.0,395.2707,489055,SPY
2022-09-08,395.39,400.86,394.12,400.38,80821681.0,398.3136,553637,SPY
2022-09-09,402.74,407.51,402.46,406.6,76506918.0,405.4837,484758,SPY
2022-09-12,408.78,411.73,408.46,410.97,69227012.0,410.1579,491335,SPY
2022-09-13,401.83,403.1,391.92,393.1,122922881.0,398.8397,794560,SPY
2022-09-14,394.47,396.2,391.12,394.6,85023747.0,393.8378,542477,SPY
2022-09-15,392.96,395.96,388.78,390.12,86700840.0,392.0139,609219,SPY
2022-09-16,384.14,386.25,382.11,385.56,103024319.0,384.6004,673814,SPY
2022-09-19,382.26,388.55,382.1784,388.55,73278490.0,386.239,495869,SPY
2022-09-20,385.06,386.12,381.195,384.09,77197482.0,384.1447,559046,SPY
2022-09-21,386.11,389.31,377.38,377.39,106746554.0,383.1166,815174,SPY
2022-09-22,376.58,378.3,373.44,374.22,89472641.0,375.3314,634128,SPY
2022-09-23,370.58,370.62,363.29,367.95,121656933.0,367.5728,845102,SPY
2022-09-26,366.41,370.21,363.0299,364.31,92561244.0,365.9243,638376,SPY
2022-09-27,368.02,370.4,360.87,363.38,108095972.0,364.5685,778813,SPY
2022-09-28,364.38,372.3,362.6,370.53,110524217.0,367.9224,711995,SPY
2022-09-29,366.81,367.11,359.7,362.79,112936695.0,362.804,794132,SPY
2022-09-30,361.8,365.91,357.04,357.18,152793243.0,360.6607,854532,SPY
2022-10-03,361.08,368.55,359.21,366.61,89746479.0,364.712,622492,SPY
2022-10-04,372.4,378.0,366.5677,377.97,103602775.0,375.7279,688740,SPY
2022-10-05,373.39,379.46,370.95,377.09,88065669.0,375.4577,583907,SPY
2022-10-06,375.62,378.72,372.68,373.2,82333516.0,374.9031,585047,SPY
2022-10-07,368.97,373.2933,360.94,362.79,107759998.0,365.0618,669267,SPY
2022-10-10,363.96,364.21,357.67,360.02,76042765.0,360.7481,597678,SPY
2022-10-11,358.235,363.03,355.71,357.74,92482785.0,358.7227,694969,SPY
2022-10-12,358.17,359.8179,356.3,356.56,76991799.0,358.0018,552830,SPY
2022-10-13,349.205,367.51,348.11,365.97,147224518.0,359.7938,1116014,SPY
2022-10-14,368.55,370.26,356.96,357.63,123575113.0,361.3654,824684,SPY
2022-10-17,364.01,367.9799,357.2808,366.82,93168231.0,365.9575,613077,SPY
2022-10-18,375.13,375.45,367.52,371.13,97139850.0,371.1249,678096,SPY
2022-10-19,368.99,371.85,365.55,368.5,79717863.0,368.6657,534020,SPY
2022-10-20,368.03,372.67,364.61,365.41,88283087.0,367.7129,637987,SPY
2022-10-21,365.12,374.8,363.54,374.29,130882479.0,369.8637,722879,SPY
2022-10-24,375.89,380.06,373.11,378.87,85416407.0,377.3659,627082,SPY
2022-10-25,378.79,385.25,378.671,384.92,78833848.0,382.9919,599906,SPY
2022-10-26,381.62,387.58,381.35,382.02,103906848.0,383.8749,659893,SPY
2022-10-27,383.07,385.0,379.33,379.98,81971756.0,381.3414,602262,SPY
2022-10-28,379.87,389.52,379.68,389.02,100301958.0,385.6367,600450,SPY
2022-10-31,386.44,388.4,385.26,386.21,96443258.0,386.8624,593416,SPY
2022-11-01,390.14,390.39,383.29,384.52,85203598.0,385.578,542402,SPY
2022-11-02,383.9,388.63,374.76,374.87,126990356.0,381.5983,896384,SPY
2022-11-03,371.465,374.2,368.79,371.01,87088515.0,372.1537,642144,SPY
2022-11-04,377.0,378.87,370.0,376.35,103479982.0,374.2332,705860,SPY
2022-11-07,377.71,380.57,375.53,379.95,68286947.0,378.3068,479700,SPY
2022-11-08,381.11,385.12,377.72,382.0,84441062.0,381.9423,602484,SPY
2022-11-09,379.93,381.14,373.61,374.13,78454648.0,377.1702,594797,SPY
2022-11-10,388.05,395.04,385.642,394.69,141455847.0,389.39,963919,SPY
2022-11-11,395.59,399.35,393.61,398.51,93839872.0,396.974,653288,SPY
2022-11-14,396.66,400.1799,394.83,395.12,71522915.0,397.6185,528088,SPY
2022-11-15,401.15,402.31,394.49,398.49,93153920.0,398.7872,751098,SPY
2022-11-16,396.78,397.78,394.79,395.45,68508454.0,396.0919,485119,SPY
2022-11-17,390.46,394.95,390.14,394.24,74426055.0,392.8118,499521,SPY
2022-11-18,397.74,397.81,393.04,396.03,92442751.0,395.404,525088,SPY
2022-11-21,394.64,395.82,392.66,394.59,51152189.0,394.533,401648,SPY
2022-11-22,396.63,400.07,395.1527,399.9,60420325.0,398.2376,416889,SPY
2022-11-23,399.55,402.93,399.31,402.42,67212628.0,401.5769,476623,SPY
2022-11-25,401.83,402.91,401.535,402.33,30545434.0,402.273,184647,SPY
2022-11-28,399.09,400.81,395.11,395.91,68021749.0,397.8797,441562,SPY
2022-11-29,396.05,397.3,393.3,395.23,52310039.0,395.1758,421324,SPY
2022-11-30,395.49,407.68,393.48,407.68,144105353.0,401.7814,814129,SPY
2022-12-01,408.77,410.0,404.75,407.38,75908170.0,407.3717,600441,SPY
2022-12-02,402.25,407.86,402.14,406.91,83492731.0,405.1101,574460,SPY
2022-12-05,403.95,404.93,398.17,399.59,77039815.0,401.4661,553484,SPY
2022-12-06,399.42,399.99,391.64,393.83,77048217.0,394.8485,613991,SPY
2022-12-07,392.94,395.64,391.97,393.16,65855396.0,393.4367,486278,SPY
2022-12-08,395.14,397.36,393.2684,396.24,60737912.0,395.7063,463709,SPY
2022-12-09,394.94,397.62,393.15,393.28,80793733.0,395.1955,485405,SPY
2022-12-12,394.11,398.95,393.412,398.95,73915035.0,396.2128,442289,SPY
2022-12-13,410.22,410.49,399.07,401.97,123649534.0,403.5676,894904,SPY
2022-12-14,401.61,405.5,396.31,399.4,107711349.0,401.1302,851105,SPY
2022-12-15,394.3,395.25,387.885,389.63,117015889.0,390.8991,851155,SPY
2022-12-16,385.18,386.575,381.04,383.27,119852952.0,383.747,746659,SPY
2022-12-19,383.47,383.82,378.28,380.02,79831403.0,380.603,521297,SPY
2022-12-20,379.23,382.23,377.85,380.54,73927240.0,380.6305,513482,SPY
2022-12-21,383.25,387.41,382.69,386.23,77836645.0,385.469,478297,SPY
2022-12-22,383.05,386.2134,374.77,380.72,100105855.0,379.6225,679688,SPY
2022-12-23,379.65,383.06,378.03,382.91,59827329.0,381.5261,441416,SPY
2022-12-27,382.79,383.15,379.65,381.4,51540780.0,381.7774,428996,SPY
2022-12-28,381.33,383.39,376.42,376.66,70911520.0,379.059,503138,SPY
2022-12-29,379.63,384.35,379.08,383.44,66470557.0,382.4267,481639,SPY
2022-12-30,380.64,382.58,378.43,382.43,84022205.0,381.2185,548975,SPY
2023-01-03,384.37,386.43,377.831,380.82,74850731.0,380.9576,590240,SPY
2023-01-04,383.18,385.88,380.0,383.76,85934098.0,383.1494,632808,SPY
2023-01-05,381.72,381.84,378.76,379.38,76275354.0,380.2625,530896,SPY
2023-01-06,382.61,389.25,379.4127,388.08,104052662.0,385.2463,687390,SPY
2023-01-09,390.37,393.7,387.67,387.86,73978071.0,390.3628,549428,SPY
2023-01-10,387.25,390.65,386.27,390.58,65298094.0,389.0824,471958,SPY
2023-01-11,392.23,395.6,391.38,395.52,68702980.0,393.3003,452701,SPY
2023-01-12,396.67,398.485,392.42,396.96,90145699.0,396.312,665042,SPY
2023-01-13,393.62,399.1,393.34,398.5,63853932.0,396.8377,468376,SPY
2023-01-17,398.48,400.23,397.06,397.77,62577281.0,398.1971,437653,SPY
2023-01-18,399.01,400.12,391.28,391.49,99495062.0,394.555,642978,SPY
2023-01-19,389.36,391.08,387.26,388.64,86601919.0,389.2674,548674,SPY
2023-01-20,390.1,396.04,388.38,395.88,91542126.0,392.5901,505912,SPY
2023-01-23,396.72,402.645,395.72,400.63,84178797.0,399.7705,568459,SPY
2023-01-24,398.88,401.15,397.64,400.2,59469411.0,399.9358,434102,SPY
2023-01-25,395.95,400.7,393.56,400.35,84684501.0,397.8551,583220,SPY
2023-01-26,403.13,404.92,400.03,404.75,72177425.0,402.6127,521281,SPY
2023-01-27,403.655,408.16,403.44,405.68,68249180.0,405.7891,496478,SPY
2023-01-30,402.8,405.13,400.28,400.59,74067618.0,402.2276,514522,SPY
2023-01-31,401.13,406.53,400.77,406.48,86655786.0,404.1605,512619,SPY
2023-02-01,405.211,413.67,402.35,410.8,101459155.0,407.863,833210,SPY
2023-02-02,414.86,418.31,412.88,416.78,101192713.0,415.5223,724694,SPY
2023-02-03,411.59,416.97,411.09,412.35,94577181.0,413.7699,665739,SPY
2023-02-06,409.79,411.29,408.1,409.83,60250025.0,409.9916,461542,SPY
2023-02-07,408.87,416.49,407.57,415.19,90721745.0,411.9917,695517,SPY
2023-02-08,413.13,414.53,409.93,410.65,76227462.0,411.9252,529228,SPY
2023-02-09,414.41,414.57,405.81,407.09,78564109.0,409.7962,566607,SPY
2023-02-10,405.86,408.44,405.01,408.04,70767615.0,407.0089,489777,SPY
2023-02-13,408.72,412.97,408.24,412.83,64903039.0,411.3867,426598,SPY
2023-02-14,411.24,415.05,408.511,412.64,87681813.0,412.1239,627801,SPY
2023-02-15,410.35,414.06,409.47,413.98,61368279.0,412.2614,427499,SPY
2023-02-16,408.79,412.91,408.14,408.28,76418169.0,410.3213,583412,SPY
2023-02-17,406.06,407.51,404.05,407.26,89196815.0,406.1332,562615,SPY
2023-02-21,403.06,404.16,398.82,399.09,82585674.0,401.1432,559126,SPY
2023-02-22,399.52,401.13,397.02,398.54,83500793.0,398.9103,568095,SPY
2023-02-23,401.56,402.2,396.25,400.66,96195399.0,399.6202,740995,SPY
2023-02-24,395.42,397.25,393.64,396.38,108122913.0,395.8063,755245,SPY
2023-02-27,399.87,401.29,396.75,397.73,80251136.0,398.6304,592300,SPY
2023-02-28,397.23,399.28,396.15,396.26,96350567.0,397.4209,600687,SPY
2023-03-01,395.41,396.69,393.38,394.74,99552823.0,395.137,699145,SPY
2023-03-02,392.68,398.69,392.33,397.81,85372726.0,395.4271,612511,SPY
2023-03-03,399.71,404.45,399.03,404.19,90119952.0,402.0592,645491,SPY
2023-03-06,405.05,407.45,404.01,404.47,72758446.0,405.4288,539396,SPY
2023-03-07,404.42,404.67,397.625,398.27,108161096.0,400.3811,776309,SPY
2023-03-08,398.39,399.71,396.59,398.92,74446632.0,398.2586,578076,SPY
2023-03-09,399.74,401.48,390.53,391.56,111830522.0,395.4294,849090,SPY
2023-03-10,390.99,393.16,384.32,385.91,189189896.0,388.3086,1386971,SPY
2023-03-13,381.81,390.39,380.65,385.36,157039967.0,386.0888,1390989,SPY
2023-03-14,390.5,393.45,387.05,391.73,149752354.0,390.2175,1032581,SPY
2023-03-15,385.89,389.49,383.71,389.28,172784933.0,387.1618,1334267,SPY
2023-03-16,386.82,396.47,386.29,396.11,143667640.0,392.991,999798,SPY
2023-03-17,393.22,394.4,388.55,389.99,140350911.0,391.2188,923761,SPY
2023-03-20,390.8,394.17,390.07,393.74,93055783.0,392.3553,725425,SPY
2023-03-21,397.24,399.41,395.58,398.91,91439734.0,397.0975,629615,SPY
2023-03-22,398.73,402.49,392.07,392.11,111699083.0,397.6029,874188,SPY
2023-03-23,395.09,399.29,390.35,393.17,119243819.0,394.5752,871933,SPY
2023-03-24,391.841,395.84,389.4,395.75,107397124.0,393.1119,808446,SPY
2023-03-27,398.12,398.92,395.56,396.49,74010408.0,396.9373,569544,SPY
2023-03-28,395.77,396.49,393.69,395.6,62871680.0,395.2598,494862,SPY
2023-03-29,399.925,401.6,398.68,401.35,77497876.0,399.8739,553838,SPY
2023-03-30,404.09,404.35,401.76,403.7,69726849.0,403.226,516342,SPY
2023-03-31,404.66,409.7,404.55,409.39,112024624.0,407.2633,696693,SPY
2023-04-03,408.85,411.37,408.44,410.95,67331097.0,410.0407,569790,SPY
2023-04-04,411.62,411.92,407.24,408.67,66526534.0,409.1942,537049,SPY
2023-04-05,407.91,408.7,405.88,407.6,64855243.0,407.3288,524247,SPY
2023-04-06,406.77,409.48,405.678,409.19,63743345.0,408.1019,482110,SPY
2023-04-10,406.61,409.69,405.97,409.61,63681042.0,408.081,468057,SPY
2023-04-11,410.26,411.18,408.92,409.72,59297945.0,410.0187,402951,SPY
2023-04-12,411.87,412.17,407.44,408.05,86413179.0,409.7065,639355,SPY
2023-04-13,409.18,413.84,407.9922,413.47,85785954.0,411.7177,566794,SPY
2023-04-14,412.81,415.09,410.06,412.46,78155845.0,412.2601,592878,SPY
2023-04-17,412.37,413.96,411.085,413.94,66321399.0,412.588,477976,SPY
2023-04-18,415.58,415.72,412.7802,414.21,63550097.0,414.0737,493080,SPY
2023-04-19,412.22,415.08,412.16,414.14,55227330.0,413.6631,420720,SPY
2023-04-20,411.21,413.7,410.27,411.88,75840359.0,412.017,546274,SPY
2023-04-21,412.19,412.68,410.17,412.2,73107422.0,411.763,480944,SPY
2023-04-24,411.99,413.07,410.6,412.63,64324595.0,412.081,463294,SPY
2023-04-25,410.58,411.16,406.02,406.08,96743071.0,408.2879,611557,SPY
2023-04-26,406.72,407.84,403.78,404.36,80447049.0,405.5996,571685,SPY
2023-04-27,407.0,412.69,406.74,412.41,92943619.0,410.1021,614868,SPY
2023-04-28,411.49,415.94,411.43,415.93,89433137.0,414.401,613090,SPY
2023-05-01,415.47,417.62,415.265,415.51,62012504.0,416.2071,502371,SPY
2023-05-02,414.77,414.82,407.82,410.84,103880184.0,411.0741,750842,SPY
2023-05-03,411.36,413.87,407.77,408.02,91531769.0,410.589,737915,SPY
2023-05-04,406.93,407.27,403.74,405.13,94831863.0,405.4896,716762,SPY
2023-05-05,408.91,413.72,408.64,412.63,87627791.0,411.2338,579189,SPY
2023-05-08,412.97,413.24,411.28,412.74,50046768.0,412.5119,422762,SPY
2023-05-09,411.13,412.09,410.6894,410.93,49215359.0,411.3562,385993,SPY
2023-05-10,413.88,414.535,408.87,412.85,96142922.0,411.9647,691578,SPY
2023-05-11,411.95,412.43,409.97,412.13,70147264.0,411.5263,530525,SPY
2023-05-12,413.42,413.64,409.07,411.59,70481548.0,411.1564,501017,SPY
2023-05-15,412.22,413.43,410.23,413.01,54289383.0,412.1201,427865,SPY
2023-05-16,411.86,412.815,410.24,410.25,57705495.0,411.3774,447536,SPY
2023-05-17,412.35,415.855,410.635,415.23,86786957.0,413.4302,585038,SPY
2023-05-18,414.9,419.67,414.67,419.23,97177195.0,417.1828,672492,SPY
2023-05-19,420.17,420.72,417.35,418.62,103793317.0,419.0232,642871,SPY
2023-05-22,418.64,420.39,417.35,418.79,60717899.0,419.037,493531,SPY
2023-05-23,417.08,418.722,413.68,414.09,86383493.0,415.8938,624936,SPY
2023-05-24,412.42,412.82,409.8795,411.09,89201678.0,411.2268,673413,SPY
2023-05-25,414.74,416.16,412.4101,414.65,90961606.0,413.9115,672404,SPY
2023-05-26,415.33,420.77,415.25,420.02,93829975.0,418.9092,627251,SPY
2023-05-30,422.03,422.58,418.735,420.18,72207960.0,420.4468,609041,SPY
2023-05-31,418.28,419.22,416.22,417.85,110782530.0,418.0147,665147,SPY
2023-06-01,418.09,422.92,416.79,421.82,88758018.0,420.466,653406,SPY
2023-06-02,424.5,428.74,423.95,427.92,91426171.0,426.8396,678309,SPY
2023-06-05,428.28,429.67,426.37,427.1,70168016.0,427.9902,551795,SPY
2023-06-06,426.67,428.5772,425.99,428.03,63706675.0,427.5845,491099,SPY
2023-06-07,428.44,429.62,426.11,426.55,85344025.0,427.3391,582566,SPY
2023-06-08,426.62,429.6,425.82,429.13,61952842.0,428.2953,473941,SPY
2023-06-09,429.96,431.99,428.87,429.9,85647268.0,430.2308,594919,SPY
2023-06-12,430.92,433.88,430.17,433.8,76256703.0,431.9566,523160,SPY
2023-06-13,435.32,437.33,434.63,436.66,95847204.0,436.0037,672837,SPY
2023-06-14,437.01,439.0612,433.59,437.18,100603680.0,436.7254,712267,SPY
2023-06-15,436.33,443.9,436.23,442.6,110195091.0,440.7065,748185,SPY
2023-06-16,443.02,443.6078,438.97,439.46,114165849.0,440.9745,631591,SPY
2023-06-20,437.45,438.37,435.03,437.18,75935359.0,437.1454,550937,SPY
2023-06-21,436.16,436.99,434.33,434.94,76840751.0,435.5649,551341,SPY
2023-06-22,433.95,436.62,433.6,436.51,70510175.0,435.4495,479201,SPY
2023-06-23,432.93,435.06,432.47,433.21,91981537.0,433.8539,553266,SPY
2023-06-26,432.62,434.61,431.19,431.44,72723560.0,432.5149,509725,SPY
2023-06-27,432.35,436.81,431.88,436.17,73064702.0,434.7153,497934,SPY
2023-06-28,435.05,437.44,434.41,436.39,75635976.0,435.7433,537350,SPY
2023-06-29,435.96,438.28,435.54,438.11,67882304.0,437.2627,474148,SPY
2023-06-30,441.44,444.3,441.11,443.28,104964019.0,442.744,596665,SPY
2023-07-03,442.92,444.08,442.63,443.79,32593378.0,443.5281,253680,SPY
2023-07-05,441.91,443.889,441.9,443.13,58418432.0,443.3129,415750,SPY
2023-07-06,439.42,440.1,437.06,439.66,80658302.0,439.1438,567512,SPY
2023-07-07,438.63,442.64,438.3,438.55,85434178.0,439.9317,530026,SPY
2023-07-10,438.18,439.84,437.585,439.66,62443501.0,438.8872,419235,SPY
2023-07-11,440.45,442.97,439.44,442.46,64463752.0,441.2254,455993,SPY
2023-07-12,446.39,447.4799,444.91,446.02,91895927.0,445.6589,585099,SPY
2023-07-13,447.9,450.38,447.45,449.56,71975241.0,448.5919,449367,SPY
2023-07-14,450.475,451.36,448.49,449.28,69695823.0,449.8199,484538,SPY
2023-07-17,449.13,451.93,449.08,450.84,52680221.0,450.4644,385755,SPY
2023-07-18,450.5,454.86,450.0484,454.19,80744448.0,453.2069,519350,SPY
2023-07-19,455.01,456.43,454.1119,455.2,65639688.0,455.3494,502903,SPY
2023-07-20,454.17,455.1,451.44,452.18,70575142.0,453.3022,532939,SPY
2023-07-21,453.96,454.165,452.17,452.18,70940618.0,452.9345,475415,SPY
2023-07-24,453.37,455.04,452.298,454.2,54043580.0,453.9232,400860,SPY
2023-07-25,453.92,456.735,453.87,455.44,54844740.0,455.3935,383333,SPY
2023-07-26,454.47,456.99,453.38,455.51,70897885.0,454.9956,527717,SPY
2023-07-27,459.02,459.44,451.55,452.49,92090375.0,455.3257,627050,SPY
2023-07-28,455.88,457.78,452.4918,456.92,80001790.0,456.2639,528393,SPY
2023-07-31,457.41,458.16,456.045,457.79,61970449.0,457.1754,438675,SPY
2023-08-01,456.27,457.25,455.49,456.48,55478674.0,456.4787,418011,SPY
2023-08-02,453.25,453.52,449.3499,450.13,93933369.0,451.4441,622257,SPY
2023-08-03,448.04,450.79,447.37,448.84,63910792.0,449.2049,486811,SPY
2023-08-04,450.72,452.895,446.27,446.81,100128902.0,449.0804,663138,SPY
2023-08-07,448.71,450.865,447.99,450.71,58328464.0,449.5693,445167,SPY
2023-08-08,448.08,450.6952,445.2705,448.75,71319824.0,447.539,527037,SPY
2023-08-09,449.03,449.1999,444.96,445.75,78789575.0,446.9664,559466,SPY
2023-08-10,448.19,451.7,444.7,445.91,93005495.0,447.5472,680008,SPY
2023-08-11,443.97,446.7007,443.345,445.65,68636902.0,445.2738,502512,SPY
2023-08-14,444.7,448.11,444.38,448.11,47825941.0,446.7275,404514,SPY
2023-08-15,446.27,446.64,442.3,442.89,75703284.0,444.2612,540997,SPY
2023-08-16,442.46,444.18,439.53,439.64,80107206.0,441.625,569003,SPY
2023-08-17,441.16,441.43,435.75,436.29,95711315.0,438.3366,582072,SPY
2023-08-18,433.37,437.57,433.01,436.5,97499400.0,435.5882,636957,SPY
2023-08-21,437.55,440.11,435.32,439.34,68703957.0,437.9719,524984,SPY
2023-08-22,441.18,441.18,437.57,438.15,65053111.0,438.8489,476081,SPY
2023-08-23,439.25,443.67,439.1,443.03,68441021.0,441.907,469242,SPY
2023-08-24,444.69,445.22,436.855,436.89,88351064.0,440.1433,584149,SPY
2023-08-25,438.68,441.3,435.0,439.97,102325103.0,438.7756,651732,SPY
2023-08-28,442.24,443.4,439.9728,442.76,61595393.0,442.0242,457438,SPY
2023-08-29,442.65,449.45,442.46,449.16,83077916.0,447.1582,560020,SPY
2023-08-30,449.51,451.67,448.78,451.01,69053911.0,450.6164,480797,SPY
2023-08-31,451.65,452.83,450.16,450.35,66084563.0,451.337,446690,SPY
2023-09-01,453.17,453.67,449.68,451.19,58944098.0,451.2518,444467,SPY
2023-09-05,450.73,451.06,449.17,449.24,54634810.0,450.0454,451483,SPY
2023-09-06,448.4,448.51,443.81,446.22,70758512.0,446.0414,535482,SPY
2023-09-07,443.11,445.55,442.75,444.85,70348426.0,444.5598,487842,SPY
2023-09-08,444.9,447.11,444.53,445.52,62068437.0,445.6915,405859,SPY
2023-09-11,448.24,448.77,446.4699,448.45,59977618.0,447.8462,432851,SPY
2023-09-12,446.95,448.53,445.39,445.99,67565422.0,446.7637,453018,SPY
2023-09-13,446.22,447.71,445.0793,446.51,60123672.0,446.5332,460624,SPY
2023-09-14,449.07,451.08,447.715,450.36,83133514.0,449.4353,508845,SPY
2023-09-15,447.14,447.48,442.92,443.37,111798734.0,444.9005,665592,SPY
2023-09-18,443.05,444.97,442.56,443.63,55752213.0,443.6503,412315,SPY
2023-09-19,442.68,443.29,439.94,442.71,66514648.0,441.9622,445858,SPY
2023-09-20,444.01,444.435,438.43,438.64,82472602.0,441.4311,507725,SPY
2023-09-21,435.7,435.97,431.23,431.39,102273826.0,433.7086,677709,SPY
2023-09-22,432.45,434.1,429.99,430.42,100829684.0,431.7374,637168,SPY
2023-09-25,429.17,432.27,428.72,432.23,70822134.0,430.9017,488030,SPY
2023-09-26,429.09,429.82,425.02,425.88,96130936.0,427.1501,633685,SPY
2023-09-27,427.09,427.67,422.29,426.05,104439847.0,425.4191,693410,SPY
2023-09-28,425.48,430.2499,424.87,428.52,91858308.0,427.8562,616074,SPY
2023-09-29,431.67,431.85,425.91,427.48,115111319.0,428.5102,745037,SPY
2023-10-02,426.62,428.6,424.46,427.31,83798599.0,426.3521,668258,SPY
2023-10-03,425.06,427.3729,420.18,421.59,103698607.0,422.3022,741554,SPY
2023-10-04,422.07,425.4299,420.56,424.66,87452518.0,423.1254,645252,SPY
2023-10-05,424.36,425.37,421.1701,424.5,70128794.0,423.5925,532996,SPY
2023-10-06,421.97,431.125,420.6,429.54,113213309.0,426.957,737825,SPY
2023-10-09,427.58,432.88,427.0101,432.29,80374362.0,430.3192,509696,SPY
2023-10-10,432.94,437.22,432.53,434.54,78499268.0,435.0224,559796,SPY
2023-10-11,435.64,436.58,433.18,436.32,62451736.0,435.16,452204,SPY
2023-10-12,436.95,437.335,431.23,433.66,80654230.0,434.4825,607471,SPY
2023-10-13,435.21,436.45,429.88,431.5,95201132.0,432.3429,665920,SPY
2023-10-16,433.82,437.14,433.57,436.04,75433194.0,435.645,540499,SPY
2023-10-17,432.81,438.14,432.45,436.02,75232708.0,435.3865,579310,SPY
2023-10-18,434.19,435.18,429.09,430.21,93559798.0,432.1327,691076,SPY
2023-10-19,430.95,432.82,425.725,426.43,121295457.0,428.955,880803,SPY
2023-10-20,425.98,426.54,421.08,421.19,122919874.0,423.4845,733329,SPY
2023-10-23,419.61,424.45,417.8,420.46,91840945.0,421.4107,668631,SPY
2023-10-24,422.65,424.82,420.74,423.63,78564239.0,423.0518,579422,SPY
2023-10-25,421.89,421.92,417.015,417.55,93911198.0,419.1266,753888,SPY
2023-10-26,416.45,417.325,411.6,412.55,115062041.0,414.172,846338,SPY
2023-10-27,414.19,414.6,409.21,410.68,107367671.0,411.5788,800489,SPY
2023-10-30,413.56,416.68,408.91,415.59,86560987.0,414.3338,637989,SPY
2023-10-31,416.18,418.53,414.21,418.2,79631900.0,416.8983,563414,SPY
2023-11-01,419.2,423.5,418.6499,422.66,98068115.0,420.8746,724431,SPY
2023-11-02,426.58,430.915,426.56,430.76,94838909.0,428.8097,639382,SPY
2023-11-03,433.14,436.29,433.01,434.69,99620775.0,434.4545,646999,SPY
2023-11-06,435.47,436.1498,433.68,435.69,67216066.0,435.0503,494714,SPY
2023-11-07,435.69,437.585,434.51,436.93,64256114.0,436.5304,488372,SPY
2023-11-08,437.55,438.09,434.87,437.25,61731027.0,436.8141,461553,SPY
2023-11-09,438.43,438.47,433.4,433.84,83071417.0,435.6292,622937,SPY
2023-11-10,435.98,440.93,433.8335,440.61,89558054.0,437.9898,585762,SPY
2023-11-13,439.23,441.33,438.42,440.19,52192568.0,440.0944,406679,SPY
2023-11-14,446.32,450.06,446.09,448.73,97130503.0,447.8699,653301,SPY
2023-11-15,450.11,451.38,448.8,449.68,77327573.0,450.0195,555373,SPY
2023-11-16,449.22,450.56,448.12,450.23,66654468.0,449.4747,507743,SPY
2023-11-17,450.24,451.42,449.29,450.79,83193902.0,450.5304,439852,SPY
2023-11-20,450.53,455.125,450.52,454.26,69614633.0,453.2957,488761,SPY
2023-11-21,453.1842,454.131,451.9599,453.27,49244639.0,453.0274,405390,SPY
2023-11-22,454.98,456.38,453.8895,455.02,59446573.0,455.0336,479662,SPY
2023-11-24,455.07,455.5,454.73,455.3,29667375.0,455.097,190767,SPY
2023-11-27,454.65,455.4901,454.0799,454.48,50412985.0,454.8288,400697,SPY
2023-11-28,454.08,456.27,453.5,454.93,62083811.0,454.7221,461129,SPY
2023-11-29,457.15,458.32,454.2,454.61,63140992.0,455.8178,455446,SPY
2023-11-30,455.48,456.76,453.34,456.4,79752700.0,455.1457,516017,SPY
2023-12-01,455.77,459.65,455.16,459.1,88983400.0,457.8696,606481,SPY
2023-12-04,455.6,459.1206,454.34,456.69,72430888.0,456.1909,538574,SPY
2023-12-05,455.26,457.59,454.87,456.6,69793469.0,456.3197,483241,SPY
2023-12-06,458.81,458.84,454.31,454.76,69124685.0,456.1309,465899,SPY
2023-12-07,456.91,458.9,456.29,458.23,66475446.0,457.6646,458077,SPY
2023-12-08,457.46,460.745,457.21,460.2,82769404.0,459.2764,525608,SPY
2023-12-11,459.69,462.17,459.47,461.99,64895247.0,460.922,461245,SPY
2023-12-12,461.63,464.2,460.6,464.1,68327617.0,462.9171,438135,SPY
2023-12-13,464.49,470.7599,464.12,470.5,93221960.0,467.5616,662495,SPY
2023-12-14,472.5,473.73,469.25,472.01,118424368.0,471.7115,713136,SPY
2023-12-15,469.49,470.7,467.4263,469.33,141553673.0,469.3495,669179,SPY
2023-12-18,470.98,472.98,469.8929,471.97,70375285.0,471.856,459240,SPY
2023-12-19,472.53,474.92,472.45,474.84,55261805.0,473.9772,416102,SPY
2023-12-20,473.96,475.895,467.82,468.26,102920959.0,471.6749,666863,SPY
2023-12-21,471.33,472.975,468.84,472.7,86136465.0,471.2265,600896,SPY
2023-12-22,473.86,475.38,471.7,473.65,67160419.0,473.7998,486178,SPY
2023-12-26,474.07,476.58,473.99,475.65,55386952.0,475.1113,348986,SPY
2023-12-27,475.44,476.66,474.89,476.51,67999311.0,475.7704,425536,SPY
2023-12-28,476.88,477.55,476.26,476.69,77158116.0,476.7747,374240,SPY
2023-12-29,476.49,477.03,473.3,475.31,122133149.0,475.3637,604831,SPY
2024-01-02,472.16,473.67,470.49,472.65,122985393.0,472.5097,657584,SPY
2024-01-03,470.43,471.19,468.17,468.79,103577866.0,469.8983,656569,SPY
2024-01-04,468.3,470.96,467.05,467.28,84202339.0,468.5539,536469,SPY
2024-01-05,467.49,470.44,466.43,467.92,86118913.0,468.0779,562579,SPY
2024-01-08,468.43,474.75,468.3,474.6,74667074.0,471.969,523805,SPY
2024-01-09,471.87,474.93,471.35,473.88,65613439.0,473.5367,448471,SPY
2024-01-10,474.16,477.4481,473.87,476.56,67300640.0,475.6819,470044,SPY
2024-01-11,477.59,478.12,472.26,476.35,77910013.0,475.3154,576611,SPY
2024-01-12,477.84,478.6,475.23,476.68,58026420.0,476.5875,470855,SPY
2024-01-16,475.26,476.6098,473.06,474.93,84814870.0,474.9136,592231,SPY
2024-01-17,471.82,472.79,469.87,472.29,68843871.0,471.7731,520417,SPY
2024-01-18,474.01,477.06,472.42,476.49,91856248.0,474.7458,558707,SPY
2024-01-19,477.65,482.72,476.5374,482.43,110834483.0,479.9667,608468,SPY
2024-01-22,484.01,485.22,482.78,483.45,75742531.0,483.6785,548088,SPY
2024-01-23,484.01,485.105,482.89,484.86,49699297.0,484.0582,388976,SPY
2024-01-24,487.81,488.77,484.8819,485.39,81725039.0,486.6439,621289,SPY
2024-01-25,487.575,488.305,485.39,488.03,72504989.0,486.9425,546402,SPY
2024-01-26,487.59,489.12,486.54,487.41,77030572.0,487.6887,480115,SPY
2024-01-29,487.73,491.415,487.17,491.27,61322751.0,489.2436,447982,SPY
2024-01-30,490.56,491.62,490.11,490.89,57658386.0,490.8666,447675,SPY
2024-01-31,488.62,489.0813,482.86,482.88,126011061.0,485.8938,780577,SPY
2024-02-01,484.63,489.23,483.8,489.2,91891637.0,486.5792,650358,SPY
2024-02-02,489.65,496.05,489.3,494.35,99228192.0,493.0074,677113,SPY
2024-02-05,493.695,494.3778,490.23,492.55,75677102.0,492.9606,537116,SPY
2024-02-06,493.52,494.32,492.05,493.98,55918602.0,493.0319,456773,SPY
2024-02-07,496.29,498.53,495.36,498.1,70413706.0,497.1981,501856,SPY
2024-02-08,498.1,498.71,497.26,498.32,52312096.0,498.0636,406774,SPY
2024-02-09,498.84,501.65,498.49,501.2,63579375.0,500.3249,467170,SPY
2024-02-12,501.17,503.5,500.24,500.98,56502283.0,501.5388,437189,SPY
2024-02-13,494.53,497.09,490.715,494.08,113099199.0,494.284,779480,SPY
2024-02-14,496.79,499.07,494.4,498.57,68360627.0,496.7196,536840,SPY
2024-02-15,499.29,502.2,498.795,502.01,61682960.0,500.7639,516093,SPY
2024-02-16,501.7,502.87,498.75,499.51,75532928.0,500.9231,532752,SPY
2024-02-20,497.72,498.41,494.45,496.76,71736740.0,496.4411,595486,SPY
2024-02-21,495.42,497.37,493.56,497.21,59443671.0,495.8288,499404,SPY
2024-02-22,504.01,508.49,503.02,507.5,76402535.0,505.832,613961,SPY
2024-02-23,509.27,510.13,507.1,507.85,61321818.0,508.4383,489694,SPY
2024-02-26,508.3,508.75,505.86,505.99,50386738.0,507.0794,434429,SPY
2024-02-27,506.7,507.16,504.75,506.93,48826828.0,506.231,400259,SPY
2024-02-28,505.33,506.855,504.96,506.26,56506634.0,506.0354,420488,SPY
2024-02-29,508.07,509.74,505.35,508.08,83271045.0,507.9429,547843,SPY
2024-03-01,508.98,513.29,508.56,512.85,76692344.0,511.2406,544942,SPY
2024-03-04,512.03,514.2,512.0,512.3,49799257.0,512.7191,466601,SPY
2024-03-05,510.24,510.7,504.91,507.18,72820623.0,507.9576,593891,SPY
2024-03-06,510.55,512.069,508.42,509.75,68214867.0,509.9143,603736,SPY
2024-03-07,513.14,515.89,509.8053,514.81,58639485.0,514.2582,526278,SPY
2024-03-08,515.46,518.2201,511.13,511.72,86532535.0,514.0293,737848,SPY
2024-03-11,510.48,511.88,508.5,511.28,62557183.0,510.6619,573251,SPY
2024-03-12,513.45,517.38,510.86,516.78,72869439.0,515.0759,602905,SPY
2024-03-13,517.11,517.29,514.49,515.97,55104088.0,516.3159,471659,SPY
2024-03-14,516.97,517.125,511.82,514.95,110149920.0,514.5295,729544,SPY
2024-03-15,510.21,511.7,508.122,509.83,107646297.0,509.9877,694373,SPY
2024-03-18,514.0,515.48,512.44,512.86,88493331.0,513.3036,568826,SPY
2024-03-19,512.15,515.995,511.12,515.71,60755263.0,513.9894,489558,SPY
2024-03-20,515.77,520.62,515.08,520.48,69594574.0,517.9114,566876,SPY
2024-03-21,523.39,524.11,521.91,522.2,60256112.0,522.8197,506364,SPY
2024-03-22,522.11,522.605,520.97,521.21,78920842.0,521.7698,467268,SPY
2024-03-25,519.8,520.95,519.61,519.77,48512108.0,520.3191,413060,SPY
2024-03-26,521.23,521.58,518.4,518.81,65463744.0,519.9065,427328,SPY
2024-03-27,521.71,523.21,519.485,523.17,82999777.0,521.0339,518970,SPY
2024-03-28,523.21,524.61,522.78,523.07,96294886.0,523.428,495562,SPY
2024-04-01,523.83,524.38,520.97,522.16,62477540.0,522.5635,449575,SPY
2024-04-02,518.24,518.98,516.48,518.84,74230308.0,518.5339,570884,SPY
2024-04-03,517.72,520.95,517.665,519.41,59155759.0,519.6382,486600,SPY
2024-04-04,523.52,523.8674,512.755,513.07,96583574.0,517.8667,772266,SPY
2024-04-05,514.46,520.44,514.01,518.43,74546483.0,517.6386,669740,SPY
2024-04-08,519.15,520.18,517.89,518.72,48331202.0,518.8999,443839,SPY
2024-04-09,520.5,520.75,514.35,519.32,68124385.0,517.7023,532493,SPY
2024-04-10,513.48,516.16,512.09,514.12,82652806.0,514.1656,753675,SPY
2024-04-11,515.68,519.48,512.08,518.0,69873607.0,516.4476,582631,SPY
2024-04-12,514.37,515.815,509.08,510.85,92561094.0,512.3197,769300,SPY
2024-04-15,515.13,515.3,503.58,504.45,92043047.0,508.3139,841316,SPY
2024-04-16,504.94,506.5,502.21,503.53,73484020.0,504.161,689033,SPY
2024-04-17,506.05,506.22,499.12,500.55,75849825.0,502.1344,704740,SPY
2024-04-18,501.98,504.13,498.56,499.52,74548085.0,500.7119,627452,SPY
2024-04-19,499.44,500.455,493.86,495.16,102211087.0,496.8369,756685,SPY
2024-04-22,497.83,502.38,495.43,499.72,67938248.0,498.8216,601781,SPY
2024-04-23,501.78,506.09,499.5328,505.65,64633620.0,504.4183,527370,SPY
2024-04-24,506.56,507.37,503.13,505.41,55928076.0,505.3062,495174,SPY
2024-04-25,499.18,504.27,497.49,503.49,69122368.0,501.6202,625039,SPY
2024-04-26,506.35,509.88,505.7,508.26,64306118.0,508.0108,491759,SPY
2024-04-29,510.09,510.75,507.25,510.06,46415449.0,509.5696,440177,SPY
2024-04-30,508.56,509.56,501.98,501.98,77319566.0,505.7429,575796,SPY
2024-05-01,501.38,508.19,499.865,500.35,80242839.0,502.559,733935,SPY
2024-05-02,504.15,505.89,499.55,505.03,62531429.0,503.3414,532684,SPY
2024-05-03,511.16,512.55,508.56,511.29,72674709.0,510.5629,579111,SPY
2024-05-06,513.75,516.61,513.3,516.57,47264703.0,514.6368,444751,SPY
2024-05-07,517.56,518.57,516.45,517.14,52561299.0,517.4889,432297,SPY
2024-05-08,515.26,517.74,515.14,517.19,42047214.0,516.9213,369156,SPY
2024-05-09,517.38,520.2074,516.705,520.17,43643668.0,519.1099,399521,SPY
2024-05-10,521.81,522.635,519.59,520.84,52233171.0,520.8834,428544,SPY
2024-05-13,522.56,522.67,519.74,520.91,36716361.0,521.0737,360851,SPY
2024-05-14,521.11,523.83,520.56,523.3,57535867.0,522.2998,417237,SPY
2024-05-15,525.83,530.08,525.18,529.78,59504897.0,528.0624,510553,SPY
2024-05-16,529.88,531.5218,528.54,528.69,50244827.0,529.8399,436763,SPY
2024-05-17,528.81,529.52,527.32,529.45,59162235.0,528.8499,372346,SPY
2024-05-20,529.57,531.5601,529.17,530.06,37764206.0,530.2808,331754,SPY
2024-05-21,529.28,531.52,529.07,531.36,33437001.0,530.4523,306615,SPY
2024-05-22,530.65,531.38,527.6,529.83,48389968.0,529.7843,340286,SPY
2024-05-23,532.96,533.07,524.72,525.96,57211197.0,528.0016,440800,SPY
2024-05-24,527.85,530.27,526.881,529.44,41264276.0,528.914,328932,SPY
2024-05-28,530.27,530.51,527.11,529.81,36266602.0,529.3202,343541,SPY
2024-05-29,525.68,527.31,525.37,526.1,45190323.0,526.6046,359207,SPY
2024-05-30,524.52,525.2,521.33,522.61,45600910.0,523.6857,385206,SPY
2024-05-31,523.59,527.5,518.36,527.37,90754444.0,523.8666,530030,SPY
2024-06-03,529.02,529.31,522.6,527.8,46835702.0,526.6344,468403,SPY
2024-06-04,526.46,529.15,524.96,528.39,34557761.0,527.1549,357973,SPY
2024-06-05,530.77,534.69,528.7254,534.67,47610365.0,532.578,409460,SPY
2024-06-06,534.98,535.42,532.68,534.66,30808530.0,534.364,304874,SPY
2024-06-07,533.66,536.89,532.535,534.01,43224525.0,534.4537,336983,SPY
2024-06-10,533.18,535.99,532.57,535.66,35721252.0,534.6711,344626,SPY
2024-06-11,534.07,537.01,532.05,536.95,35483411.0,535.1995,360290,SPY
2024-06-12,541.63,544.12,540.3,541.36,63251305.0,541.7072,488541,SPY
2024-06-13,543.15,543.325,539.59,542.45,44460949.0,541.9558,350321,SPY
2024-06-14,540.88,542.81,539.85,542.78,40089895.0,541.7797,342838,SPY
2024-06-17,542.08,548.53,541.6072,547.1,55839457.0,545.4434,402255,SPY
2024-06-18,547.16,548.62,546.73,548.49,41376417.0,547.7341,324668,SPY
2024-06-20,549.44,550.12,545.18,547.0,70328226.0,547.5513,470269,SPY
2024-06-21,544.4,545.65,543.02,544.51,63428859.0,544.5431,392330,SPY
2024-06-24,544.33,546.95,542.62,542.74,45528654.0,544.299,392113,SPY
2024-06-25,543.99,545.2,542.44,544.83,38273346.0,543.9443,314940,SPY
2024-06-26,543.69,546.24,543.03,545.51,38546637.0,544.7848,336263,SPY
2024-06-27,545.37,546.96,544.61,546.37,35015362.0,545.8005,318145,SPY
2024-06-28,547.16,550.28,542.95,544.22,76144535.0,545.8725,493015,SPY
2024-07-01,545.63,545.88,542.52,545.34,40295310.0,544.8006,370684,SPY
2024-07-02,543.7,549.01,543.65,549.01,40434792.0,546.8588,326760,SPY
2024-07-03,548.69,551.83,548.65,551.46,32788711.0,550.2991,253837,SPY
2024-07-05,551.77,555.05,551.12,554.64,41488389.0,553.594,339620,SPY
2024-07-08,555.44,556.2501,554.19,555.28,35610451.0,555.1703,315485,SPY
2024-07-09,556.26,557.18,555.52,555.82,27306805.0,556.1017,298711,SPY
2024-07-10,557.07,561.67,556.77,561.32,38701220.0,559.4299,339735,SPY
2024-07-11,561.44,562.33,555.83,556.48,52754184.0,558.1228,458804,SPY
2024-07-12,557.63,563.67,557.15,559.99,53084405.0,560.3967,418470,SPY
2024-07-15,562.03,564.8371,559.63,561.53,40584293.0,561.8968,398072,SPY
2024-07-16,562.865,565.16,562.1,564.86,36439260.0,563.6385,354165,SPY
2024-07-17,558.8,560.51,556.61,556.94,57073131.0,558.5547,472515,SPY
2024-07-18,558.51,559.52,550.43,552.66,56226892.0,554.2508,510018,SPY
2024-07-19,552.42,554.08,547.91,548.99,65501881.0,550.3143,446109,SPY
2024-07-22,553.0,555.27,551.02,554.65,43346720.0,553.5478,419641,SPY
2024-07-23,554.54,556.735,553.275,553.78,34332061.0,554.7749,308679,SPY
2024-07-24,548.86,549.17,540.29,541.23,74515266.0,544.6543,537919,SPY
2024-07-25,541.35,547.455,537.45,538.41,61158288.0,541.5216,555720,SPY
2024-07-26,542.28,547.19,541.49,544.44,53763788.0,543.8477,458201,SPY
2024-07-29,546.02,547.05,542.72,544.76,38815824.0,545.1641,364439,SPY
2024-07-30,546.26,547.34,538.515,542.0,46780632.0,542.4849,428532,SPY
2024-07-31,548.98,553.5,547.5799,550.81,65663388.0,549.7549,499830,SPY
2024-08-01,552.57,554.8688,539.43,543.01,76428732.0,544.9688,658124,SPY
2024-08-02,535.75,536.99,528.6,532.9,82789070.0,532.2754,746100,SPY
2024-08-05,511.64,523.58,510.27,517.38,146176391.0,518.2045,1274894,SPY
2024-08-06,519.22,529.75,517.87,522.15,84626312.0,523.6698,731362,SPY
2024-08-07,528.47,531.59,518.0519,518.66,70669558.0,523.5822,644155,SPY
2024-08-08,523.91,531.29,521.84,530.65,63276589.0,527.8547,570742,SPY
2024-08-09,529.81,534.51,528.56,532.99,45575558.0,531.7266,459821,SPY
2024-08-12,534.21,535.73,530.95,533.27,42541669.0,533.2281,437514,SPY
2024-08-13,536.53,542.28,536.28,542.04,52333073.0,539.2412,422228,SPY
2024-08-14,542.85,544.96,540.12,543.75,42428929.0,543.0548,389696,SPY
2024-08-15,549.5,553.36,548.88,553.07,60821612.0,551.1832,480230,SPY
2024-08-16,551.42,555.02,551.26,554.31,44402728.0,553.4599,328823,SPY
2024-08-19,554.73,559.61,553.86,559.61,38721793.0,557.2584,365311,SPY
2024-08-20,559.15,560.84,557.325,558.7,33732264.0,558.9322,335460,SPY
2024-08-21,559.77,562.11,554.73,560.62,41491400.0,560.1364,357430,SPY
2024-08-22,562.56,563.18,554.98,556.22,55935456.0,558.0054,438321,SPY
2024-08-23,559.53,563.09,557.29,562.13,50639393.0,560.7801,479176,SPY
2024-08-26,563.18,563.91,559.05,560.79,35764609.0,561.1748,374791,SPY
2024-08-27,559.49,562.06,558.32,561.56,32676398.0,560.9924,306106,SPY
2024-08-28,561.21,561.65,555.04,558.3,41066024.0,558.4289,389475,SPY
2024-08-29,560.31,563.68,557.18,558.35,38685176.0,560.1546,400442,SPY
2024-08-30,560.77,564.2,557.14,563.68,62662610.0,561.5791,430113,SPY
2024-09-03,560.47,560.81,549.51,552.08,60600113.0,555.1769,592610,SPY
2024-09-04,550.2,554.43,549.46,550.95,47218939.0,551.5111,510878,SPY
2024-09-05,550.89,553.7995,547.1,549.61,44254358.0,549.8454,501681,SPY
2024-09-06,549.94,551.6,539.44,540.36,68487281.0,542.7722,673257,SPY
2024-09-09,544.65,547.71,542.68,546.41,40440622.0,545.1612,458650,SPY
2024-09-10,548.36,549.15,543.38,548.79,36393139.0,547.1814,410777,SPY
2024-09-11,548.7,555.36,539.96,554.42,75208608.0,548.6732,646259,SPY
2024-09-12,555.01,559.4,552.74,559.09,51892735.0,556.9487,478029,SPY
2024-09-13,559.71,563.03,559.45,562.01,39310501.0,561.5297,400749,SPY
2024-09-16,561.74,563.11,559.9,562.84,36646122.0,561.8515,360838,SPY
2024-09-17,565.1,566.58,560.795,563.07,49320970.0,563.4779,443173,SPY
2024-09-18,563.74,568.69,560.83,561.4,59044937.0,563.5234,621397,SPY
2024-09-19,571.01,572.88,568.08,570.98,75315470.0,569.6434,548399,SPY
2024-09-20,567.84,569.31,565.17,568.25,77503110.0,567.7272,471471,SPY
2024-09-23,569.34,570.3325,568.1,569.67,44116922.0,569.3264,367490,SPY
2024-09-24,570.48,571.36,567.6,571.3,46805672.0,570.2586,385277,SPY
2024-09-25,571.14,571.89,568.91,570.04,38428587.0,570.4025,378547,SPY
2024-09-26,574.38,574.71,569.9,572.3,48295204.0,572.0449,403345,SPY
2024-09-27,573.39,574.22,570.42,571.47,42008928.0,572.2205,375873,SPY
2024-09-30,570.42,574.38,568.08,573.76,63649448.0,572.0992,483220,SPY
2024-10-01,573.4,574.0622,566.0,568.62,72668778.0,568.882,689277,SPY
2024-10-02,567.71,569.9,565.27,568.86,36964473.0,568.4558,382901,SPY
2024-10-03,567.36,569.8025,565.49,567.82,40846466.0,567.3915,414433,SPY
2024-10-04,572.35,573.36,568.1,572.98,43005186.0,571.0552,438794,SPY
2024-10-07,571.3,571.9599,566.63,567.8,49964690.0,569.2944,457719,SPY
2024-10-08,570.42,573.78,569.5299,573.17,37384545.0,571.7305,368102,SPY
2024-10-09,573.16,577.71,572.55,577.14,37912244.0,575.8561,380793,SPY
2024-10-10,575.77,577.58,574.49,576.13,44138060.0,575.9909,384802,SPY
2024-10-11,576.05,580.33,575.91,579.58,42267994.0,578.9191,369983,SPY
2024-10-14,581.22,585.27,580.73,584.32,36217215.0,583.1559,346478,SPY
2024-10-15,584.59,584.9,578.545,579.78,54203636.0,581.4785,450436,SPY
2024-10-16,579.78,582.83,578.96,582.3,30725436.0,581.1771,327311,SPY
2024-10-17,585.91,586.12,582.16,582.35,34393714.0,583.3766,350466,SPY
2024-10-18,584.07,585.39,582.58,584.59,37416801.0,584.2436,312698,SPY
2024-10-21,583.85,584.85,580.6001,583.63,35962087.0,582.9957,386009,SPY
2024-10-22,581.05,584.5,580.38,583.32,34183835.0,582.7262,333521,SPY
2024-10-23,581.26,581.7086,574.415,577.99,49314574.0,578.5516,470975,SPY
2024-10-24,579.98,580.06,576.57,579.24,34936280.0,578.9884,363432,SPY
2024-10-25,581.51,584.46,578.08,579.04,47162676.0,580.652,413612,SPY
2024-10-28,582.58,582.71,580.52,580.83,29874704.0,581.3132,365419,SPY
2024-10-29,579.85,582.907,578.43,581.77,42899661.0,581.2889,373273,SPY
2024-10-30,581.29,583.32,579.29,580.01,41023008.0,580.9731,389128,SPY
2024-10-31,575.56,575.63,568.44,568.64,60172563.0,571.5367,577900,SPY
2024-11-01,571.32,575.55,570.62,571.04,45667533.0,572.3464,464571,SPY
2024-11-04,571.18,572.5,567.89,569.81,36515975.0,570.3187,394246,SPY
2024-11-05,570.74,576.74,570.52,576.7,39477122.0,574.6389,378252,SPY
2024-11-06,589.2,591.93,585.39,591.04,67703468.0,588.625,666094,SPY
2024-11-07,593.08,596.65,592.9999,595.61,47231212.0,594.6765,427535,SPY
2024-11-08,596.17,599.64,596.165,598.19,46422893.0,597.6861,406427,SPY
2024-11-11,599.81,600.17,597.0,598.76,37586773.0,598.6842,371847,SPY
2024-11-12,598.68,599.29,594.37,596.9,43006128.0,597.2307,378133,SPY
2024-11-13,597.37,599.23,594.96,597.19,47386040.0,597.4024,399843,SPY
2024-11-14,597.32,597.81,592.65,593.35,38799709.0,594.7758,373547,SPY
2024-11-15,589.72,590.2,583.86,585.75,75731266.0,587.4576,538468,SPY
2024-11-18,586.22,589.49,585.34,588.15,37084081.0,587.7261,360702,SPY
2024-11-19,584.71,591.045,584.03,590.3,49402046.0,588.7565,385053,SPY
2024-11-20,590.38,590.79,584.63,590.5,50032576.0,588.4416,436617,SPY
2024-11-21,593.4,595.12,587.45,593.67,46750285.0,592.3596,450141,SPY
2024-11-22,593.66,596.15,593.1525,595.51,38176390.0,594.9555,346476,SPY
2024-11-25,599.52,600.86,595.2,597.53,42441393.0,597.7632,427181,SPY
2024-11-26,598.8,601.33,598.07,600.65,45620288.0,599.8866,383148,SPY
2024-11-27,600.46,600.85,597.28,598.83,34000163.0,599.0471,332766,SPY
2024-11-29,599.66,603.35,599.3805,602.55,30177351.0,601.7519,233589,SPY
2024-12-02,602.97,604.32,602.47,603.63,31745989.0,603.3919,327962,SPY
2024-12-03,603.39,604.16,602.341,603.91,26906629.0,603.5246,279092,SPY
2024-12-04,605.63,607.91,604.95,607.66,42730561.0,606.4345,324665,SPY
2024-12-05,607.66,608.48,606.305,606.66,28712587.0,607.2653,303777,SPY
2024-12-06,607.44,609.07,607.02,607.81,30958549.0,607.7182,282826,SPY
2024-12-09,607.69,607.86,604.08,604.68,34739738.0,605.6624,370876,SPY
2024-12-10,605.37,605.8,602.13,602.8,37234515.0,603.7741,337427,SPY
2024-12-11,605.78,608.435,605.5,607.46,28631073.0,607.1432,305491,SPY
2024-12-12,606.58,607.16,604.33,604.33,31523812.0,605.64,315218,SPY
2024-12-13,606.4,607.13,602.81,604.21,35851730.0,604.4412,348257,SPY
2024-12-16,606.0,607.7795,605.21,606.79,43658879.0,606.7218,367577,SPY
2024-12-17,604.19,605.17,602.885,604.29,55769545.0,604.3796,425291,SPY
2024-12-18,603.98,606.405,585.89,586.28,107247211.0,595.1042,772892,SPY
2024-12-19,591.36,593.0,585.85,586.1,85598152.0,588.2154,702097,SPY
2024-12-20,581.77,595.75,580.91,591.15,124674174.0,588.988,772175,SPY
2024-12-23,590.89,595.3,587.661,594.69,57529328.0,592.8738,450947,SPY
2024-12-24,596.06,601.34,595.47,601.3,33157697.0,599.3108,235910,SPY
2024-12-26,599.5,602.48,598.0825,601.34,41329191.0,601.1002,306001,SPY
2024-12-27,597.54,597.7761,590.7647,595.01,64759310.0,594.6516,497463,SPY
2024-12-30,587.89,591.74,584.41,588.22,56155557.0,588.8633,501191,SPY
2024-12-31,589.905,590.6399,584.42,586.08,57052654.0,586.7143,479945,SPY
2025-01-02,589.39,591.13,580.5,584.64,50079975.0,585.2139,603949,SPY
2025-01-03,587.53,592.6,586.43,591.95,37868659.0,590.2759,427266,SPY
2025-01-06,596.27,599.7,593.6,595.36,47123442.0,596.1425,468832,SPY
2025-01-07,597.42,597.75,586.78,588.63,60205552.0,590.879,489806,SPY
2025-01-08,588.7,590.5799,585.195,589.49,47222672.0,588.3667,432459,SPY
2025-01-10,585.88,585.95,578.55,580.49,73060046.0,581.9833,720923,SPY
2025-01-13,575.77,581.75,575.35,581.39,47770060.0,579.1385,505932,SPY
2025-01-14,584.36,585.0,578.35,582.19,48377580.0,581.8874,473552,SPY
2025-01-15,590.325,593.94,589.195,592.78,56885159.0,591.4165,488786,SPY
2025-01-16,594.175,594.35,590.93,591.64,43292162.0,592.4631,409215,SPY
2025-01-17,596.96,599.36,595.61,597.58,55360878.0,597.5839,420950,SPY
2025-01-21,600.67,603.06,598.67,603.05,42487853.0,601.4494,429379,SPY
2025-01-22,605.92,607.82,605.36,606.44,48195973.0,606.4754,367155,SPY
2025-01-23,605.8,609.75,605.52,609.75,40935363.0,608.0261,330486,SPY
2025-01-24,609.81,610.78,606.8,607.97,34604693.0,608.5094,360925,SPY
2025-01-27,594.81,599.69,594.64,599.37,70298125.0,598.6772,685464,SPY
2025-01-28,600.62,605.37,597.25,604.52,44433322.0,602.7245,419856,SPY
2025-01-29,603.72,604.13,599.22,601.81,37155029.0,602.0789,426223,SPY
2025-01-30,603.96,606.6,600.715,605.04,39092005.0,604.0502,419930,SPY
2025-01-31,607.5,609.96,601.05,601.82,66644817.0,604.5226,591696,SPY
2025-02-03,592.67,600.29,590.49,597.77,65817248.0,596.812,732164,SPY
2025-02-04,597.83,602.3,597.28,601.78,33346815.0,600.6073,381973,SPY
2025-02-05,600.64,604.37,598.58,604.22,30623149.0,602.366,358144,SPY
2025-02-06,605.99,606.4525,602.63,606.32,35771503.0,605.3225,351828,SPY
2025-02-07,606.89,608.13,600.05,600.77,50750516.0,602.8983,563116,SPY
2025-02-10,604.03,605.4999,602.74,604.85,26045714.0,604.2397,393994,SPY
2025-02-11,602.55,605.86,602.43,605.31,30056740.0,604.5604,408321,SPY
2025-02-12,599.2,604.55,598.51,603.36,45076076.0,601.9544,435863,SPY
2025-02-13,604.48,609.94,603.2,609.73,40768881.0,607.4617,426315,SPY
2025-02-14,609.94,610.99,609.07,609.7,26910448.0,610.0263,330615,SPY
2025-02-18,610.88,611.49,608.38,611.49,26708205.0,610.1853,364165,SPY
2025-02-19,610.08,613.23,609.56,612.93,31011072.0,611.643,334371,SPY
2025-02-20,611.54,611.684,607.02,610.38,36553902.0,609.4303,388455,SPY
2025-02-21,610.16,610.3,599.47,599.94,76448318.0,603.6819,628048,SPY
2025-02-24,602.02,603.03,596.49,597.21,50737213.0,599.0337,600743,SPY
2025-02-25,597.15,597.89,589.56,594.24,56911072.0,594.1288,712188,SPY
2025-02-26,595.93,599.58,591.8556,594.54,43321578.0,595.5992,638726,SPY
2025-02-27,596.85,598.02,584.65,585.05,74182664.0,590.3902,758875,SPY
2025-02-28,585.56,594.72,582.44,594.18,88487668.0,588.2902,780010,SPY
2025-03-03,596.18,597.34,579.9,583.77,74249199.0,587.977,839118,SPY
2025-03-04,579.71,585.39,572.25,576.86,109632212.0,578.3233,1056745,SPY
2025-03-05,576.69,584.88,573.0795,583.06,70927248.0,579.8337,809703,SPY
2025-03-06,575.48,580.1736,570.12,572.71,80069568.0,574.5259,869696,SPY
2025-03-07,570.9,577.39,565.63,575.92,80415816.0,572.599,874094,SPY
2025-03-10,567.59,569.54,555.59,560.58,98286124.0,563.482,1007963,SPY
2025-03-11,559.4,564.02,552.02,555.92,87997244.0,557.6355,935559,SPY
2025-03-12,562.17,563.11,553.69,558.87,69547267.0,559.4649,687057,SPY
2025-03-13,558.49,559.105,549.68,551.42,73979414.0,553.5289,747044,SPY
2025-03-14,556.11,563.83,551.4917,562.81,62655340.0,559.6851,616221,SPY
2025-03-17,562.79,569.71,562.35,567.15,49008709.0,566.1538,538126,SPY
2025-03-18,564.8,565.02,559.06,561.02,64791422.0,561.5366,572400,SPY
2025-03-19,562.83,570.95,561.63,567.13,66540485.0,566.0097,584807,SPY
2025-03-20,563.33,570.57,562.6012,565.49,62933195.0,566.3679,540296,SPY
2025-03-21,559.28,564.89,558.03,563.98,83760964.0,562.1239,559081,SPY
2025-03-24,570.8,575.15,570.2,574.08,58739933.0,573.0181,506256,SPY
2025-03-25,575.3,576.41,573.69,575.46,38355735.0,574.9591,389951,SPY
2025-03-26,575.19,576.33,567.19,568.59,52228898.0,570.5743,501105,SPY
2025-03-27,567.18,570.9,564.94,567.08,41925848.0,568.1556,456701,SPY
2025-03-28,565.53,566.2675,555.07,555.66,71628953.0,558.2611,650388,SPY
2025-03-31,549.83,560.7112,546.87,559.39,95128213.0,555.9091,754583,SPY
2025-04-01,557.45,562.94,553.68,560.97,54576641.0,559.1036,603800,SPY
2025-04-02,555.05,567.42,554.81,564.52,76007044.0,560.9113,686534,SPY
2025-04-03,545.11,547.97,536.7,536.7,125426398.0,543.254,1198719,SPY
2025-04-04,523.67,525.87,505.06,505.28,217902831.0,514.9711,1957425,SPY
2025-04-07,489.19,523.17,481.8,504.38,256046855.0,501.1763,2517688,SPY
2025-04-08,521.86,524.98,489.16,496.48,165553031.0,507.092,1708697,SPY
2025-04-09,493.44,548.62,493.05,548.62,241783327.0,521.8234,2299200,SPY
2025-04-10,532.17,533.495,509.32,524.58,162294725.0,524.4548,1754792,SPY
2025-04-11,523.01,536.43,520.07,533.94,96865434.0,529.3795,1019117,SPY
2025-04-14,544.05,544.28,533.86,539.12,68033993.0,539.5603,752545,SPY
2025-04-15,539.675,543.23,536.81,537.61,56892874.0,539.2414,547009,SPY
2025-04-16,531.68,537.8854,520.29,525.66,83409814.0,527.9408,770793,SPY
2025-04-17,527.64,531.165,523.91,526.41,79440083.0,527.5642,633849,SPY
2025-04-21,521.16,521.7,508.46,513.88,69359529.0,513.9931,715705,SPY
2025-04-22,520.14,529.305,519.1925,527.25,75937717.0,525.0503,712399,SPY
2025-04-23,540.43,545.43,533.88,535.42,90565658.0,538.5299,885536,SPY
2025-04-24,536.715,547.43,535.4504,546.69,64149872.0,543.4085,580936,SPY
2025-04-25,546.65,551.05,543.69,550.64,60939590.0,548.3551,562251,SPY
2025-04-28,551.39,553.55,545.02,550.85,47602355.0,549.7273,472023,SPY
2025-04-29,548.91,555.45,548.55,554.32,47775121.0,552.8584,474829,SPY
2025-04-30,547.57,556.52,541.52,554.54,93094138.0,551.0278,707089,SPY
2025-05-01,560.37,564.0699,557.86,558.47,63171646.0,560.0678,585864,SPY
2025-05-02,564.73,568.38,562.38,566.76,60717270.0,565.9279,571476,SPY
2025-05-05,562.57,566.65,561.7,563.51,38608147.0,564.3937,414697,SPY
2025-05-06,557.93,563.3476,556.96,558.8,48264708.0,560.063,473580,SPY
2025-05-07,560.15,563.82,556.04,561.15,55733229.0,560.1667,531073,SPY
2025-05-08,565.24,570.31,561.7,565.06,65130787.0,566.2262,601131,SPY
2025-05-09,566.48,567.5,562.7637,564.34,37603427.0,564.8133,422432,SPY
2025-05-12,581.47,583.0,577.04,582.99,78993570.0,579.7482,733762,SPY
2025-05-13,583.41,589.08,582.84,586.84,67947225.0,586.9132,682785,SPY
2025-05-14,587.81,588.98,585.535,587.59,66283531.0,587.3875,676301,SPY
2025-05-15,585.56,590.97,585.0969,590.46,71268145.0,588.6247,737359,SPY
2025-05-16,591.25,594.5,589.28,594.2,76052101.0,592.4173,645314,SPY
2025-05-19,588.1,595.54,588.1,594.85,68168509.0,593.1807,662361,SPY
2025-05-20,593.09,594.05,589.6,592.85,60614492.0,592.5641,632002,SPY
2025-05-21,588.44,592.58,581.82,582.86,95197657.0,587.028,1066364,SPY
2025-05-22,582.66,586.62,581.405,583.09,70860417.0,583.9339,844277,SPY
2025-05-23,575.98,581.8101,575.6,579.11,76029046.0,578.8343,877472,SPY
2025-05-27,586.07,591.31,578.43,591.15,72588475.0,588.5785,830952,SPY
2025-05-28,591.56,592.7688,586.985,587.73,68445512.0,589.7912,731933,SPY
2025-05-29,593.06,593.2,586.07,590.05,70073758.0,589.7108,826143,SPY
2025-05-30,588.93,591.1299,583.235,589.39,90601242.0,588.238,884337,SPY
2025-06-02,587.76,592.79,585.06,592.71,61630502.0,589.9925,728812,SPY
2025-06-03,592.34,597.08,591.85,596.09,63606204.0,595.0725,690792,SPY
2025-06-04,596.96,597.95,595.49,595.93,57314199.0,596.8589,629200,SPY
2025-06-05,597.63,599.0,591.05,593.05,92436397.0,595.1416,944088,SPY
2025-06-06,598.66,600.83,596.86,599.14,66588743.0,599.078,768591,SPY
2025-06-09,599.72,601.25,598.49,599.68,53016418.0,599.9965,637329,SPY
2025-06-10,600.22,603.47,599.09,603.08,66246973.0,601.7272,674474,SPY
2025-06-11,604.19,605.06,599.27,601.36,73658225.0,602.4555,808639,SPY
2025-06-12,600.01,603.75,599.52,603.75,64129003.0,602.495,689902,SPY
2025-06-13,598.5,601.85,595.48,597.0,89505996.0,598.3869,980649,SPY
2025-06-16,600.4,604.45,600.22,602.68,79984125.0,602.39,775607,SPY
2025-06-17,600.21,601.75,596.76,597.53,82209365.0,599.0958,827346,SPY
2025-06-18,598.44,601.22,596.47,597.44,76605029.0,598.6557,711298,SPY
2025-06-20,598.38,599.46,592.86,594.28,94051374.0,595.4982,825556,SPY
2025-06-23,595.04,600.54,591.89,600.15,87426039.0,597.1593,920372,SPY
2025-06-24,604.33,607.8499,603.41,606.78,67735293.0,605.9159,682502,SPY
2025-06-25,607.91,608.61,605.54,607.12,62114767.0,607.1031,645731,SPY
2025-06-26,608.99,612.31,608.37,611.87,78548361.0,610.4559,630338,SPY
2025-06-27,612.88,616.39,610.83,614.91,86258398.0,613.9506,806398,SPY
2025-06-30,617.38,619.22,615.04,617.85,92502541.0,617.0305,858415,SPY
2025-07-01,616.36,618.83,615.52,617.65,70030140.0,617.4604,746886,SPY
2025-07-02,617.24,620.49,616.61,620.45,66510374.0,619.1415,679099,SPY
2025-07-03,622.45,626.28,622.43,625.34,51065249.0,624.6699,484817,SPY
2025-07-07,623.36,624.03,617.87,620.68,74814505.0,620.9041,863317,SPY
2025-07-08,621.35,622.11,619.52,620.34,59024585.0,620.6899,675760,SPY
2025-07-09,622.77,624.72,620.9105,624.06,66113326.0,622.9322,735000,SPY
2025-07-10,624.2,626.8701,623.01,625.82,57528960.0,625.3119,648820,SPY
2025-07-11,622.74,624.86,621.53,623.62,63670226.0,623.8384,748955,SPY
2025-07-14,623.16,625.1581,621.7999,624.81,51898518.0,623.957,626509,SPY
2025-07-15,627.52,627.86,622.06,622.14,74317260.0,624.3339,828422,SPY
2025-07-16,623.74,624.73,618.05,624.22,88987511.0,622.2168,961974,SPY
2025-07-17,624.4,628.4048,624.18,628.04,68885683.0,626.8168,687866,SPY
2025-07-18,629.3,629.47,626.46,627.58,65621645.0,627.7962,594585,SPY
2025-07-21,628.77,631.54,628.34,628.77,63374984.0,629.9506,709907,SPY
2025-07-22,629.1,629.73,626.19,628.86,60046288.0,628.3045,763949,SPY
2025-07-23,631.55,634.21,629.73,634.21,70511036.0,631.9947,765760,SPY
2025-07-24,634.6,636.15,633.99,634.42,71307134.0,634.9893,764249,SPY
2025-07-25,635.09,637.5799,634.84,637.1,56865364.0,636.4027,594273,SPY
2025-07-28,637.48,638.04,635.54,636.94,54917102.0,636.8501,630214,SPY
2025-07-29,638.35,638.67,634.335,635.26,60556278.0,636.1089,708687,SPY
2025-07-30,635.92,637.68,631.54,634.46,80418851.0,634.814,820333,SPY
2025-07-31,639.455,639.85,630.765,632.08,103385246.0,635.1207,1017926,SPY
2025-08-01,626.3,626.34,619.29,621.72,140103572.0,622.4261,1466043,SPY
2025-08-04,625.67,631.215,625.58,631.17,73218015.0,629.1819,802217,SPY
2025-08-05,631.79,632.6052,627.04,627.97,68051401.0,629.1136,806967,SPY
2025-08-06,629.05,633.44,628.13,632.78,64357525.0,631.312,690531,SPY
2025-08-07,636.24,636.98,629.11,632.25,74205791.0,632.3977,835614,SPY
2025-08-08,634.06,637.645,633.74,637.18,64051626.0,636.1232,705058,SPY
2025-08-11,637.46,638.95,634.66,635.92,58742300.0,636.8003,669920,SPY
2025-08-12,638.29,642.85,636.79,642.69,64821798.0,640.6188,761232,SPY
2025-08-13,644.91,646.19,642.68,644.89,60092790.0,644.218,672682,SPY
2025-08-14,642.79,645.62,642.34,644.95,59327466.0,644.2844,682668,SPY
2025-08-15,645.99,646.09,642.5153,643.44,68592507.0,644.1732,637298,SPY
2025-08-18,642.86,644.0,642.18,643.3,43804914.0,643.1665,583828,SPY
2025-08-19,643.12,644.105,638.48,639.81,69750731.0,640.7892,769488,SPY
2025-08-20,639.4,639.66,632.95,638.11,88890298.0,636.7957,1033790,SPY
2025-08-21,636.28,637.97,633.81,635.55,54805775.0,635.9556,617474,SPY
2025-08-22,637.76,646.5,637.25,645.31,84083214.0,644.0776,924994,SPY
2025-08-25,644.04,645.29,642.35,642.47,51274332.0,644.0025,657583,SPY
2025-08-26,642.2,645.51,641.57,645.16,51581565.0,643.6381,575104,SPY
2025-08-27,644.57,647.37,644.42,646.63,48341069.0,646.202,514537,SPY
2025-08-28,647.24,649.48,645.34,648.92,61519461.0,647.7387,595301,SPY
2025-08-29,647.47,647.84,643.14,645.05,74522192.0,645.0241,747975,SPY
2025-09-02,637.5,640.49,634.92,640.27,81983545.0,638.6978,903028,SPY
2025-09-03,642.67,644.21,640.46,643.74,70820898.0,642.413,818583,SPY
2025-09-04,644.42,649.15,643.51,649.12,65219228.0,646.6617,743467,SPY
2025-09-05,651.48,652.21,643.33,647.24,85178935.0,647.1536,988753,SPY
2025-09-08,648.62,649.84,647.23,648.83,63133104.0,648.4359,773422,SPY
2025-09-09,648.97,650.86,647.22,650.33,66121726.0,649.4358,684238,SPY
2025-09-10,653.62,654.55,652.68,653.13,23418144.0,653.6007,311405,SPY
