observation_date,STLFSI4
2020-08-28,-0.2721
2020-09-04,-0.1229
2020-09-11,0.0461
2020-09-18,-0.1349
2020-09-25,0.2446
2020-10-02,-0.0788
2020-10-09,-0.2402
2020-10-16,-0.0931
2020-10-23,0.0042
2020-10-30,0.3782
2020-11-06,-0.0781
2020-11-13,-0.4801
2020-11-20,-0.1627
2020-11-27,-0.3985
2020-12-04,-0.4458
2020-12-11,-0.4219
2020-12-18,-0.3795
2020-12-25,-0.4177
2021-01-01,-0.4760
2021-01-08,-0.4873
2021-01-15,-0.5302
2021-01-22,-0.5145
2021-01-29,-0.2704
2021-02-05,-0.5780
2021-02-12,-0.7621
2021-02-19,-0.6564
2021-02-26,-0.4510
2021-03-05,-0.4116
2021-03-12,-0.5034
2021-03-19,-0.5487
2021-03-26,-0.6274
2021-04-02,-0.7193
2021-04-09,-0.8159
2021-04-16,-0.7690
2021-04-23,-0.7202
2021-04-30,-0.8072
2021-05-07,-0.8065
2021-05-14,-0.7506
2021-05-21,-0.7159
2021-05-28,-0.8123
2021-06-04,-0.8495
2021-06-11,-0.7938
2021-06-18,-0.7759
2021-06-25,-0.8052
2021-07-02,-0.8442
2021-07-09,-0.7152
2021-07-16,-0.8017
2021-07-23,-0.5721
2021-07-30,-0.7670
2021-08-06,-0.6783
2021-08-13,-0.8636
2021-08-20,-0.6212
2021-08-27,-0.7687
2021-09-03,-0.7613
2021-09-10,-0.7133
2021-09-17,-0.6796
2021-09-24,-0.5485
2021-10-01,-0.6355
2021-10-08,-0.6411
2021-10-15,-0.7320
2021-10-22,-0.9052
2021-10-29,-0.8118
2021-11-05,-0.6838
2021-11-12,-0.7895
2021-11-19,-0.6920
2021-11-26,-0.4937
2021-12-03,-0.1768
2021-12-10,-0.7106
2021-12-17,-0.5049
2021-12-24,-0.5877
2021-12-31,-0.7737
2022-01-07,-0.7078
2022-01-14,-0.6678
2022-01-21,-0.3940
2022-01-28,-0.2132
2022-02-04,-0.5226
2022-02-11,-0.5980
2022-02-18,-0.1764
2022-02-25,-0.0205
2022-03-04,0.2784
2022-03-11,0.1318
2022-03-18,-0.3210
2022-03-25,-0.6220
2022-04-01,-0.4845
2022-04-08,-0.3845
2022-04-15,-0.2955
2022-04-22,-0.4009
2022-04-29,0.1624
2022-05-06,0.1886
2022-05-13,0.5364
2022-05-20,0.2851
2022-05-27,0.2671
2022-06-03,-0.1780
2022-06-10,-0.0683
2022-06-17,-0.0051
2022-06-24,0.3523
2022-07-01,0.5853
2022-07-08,0.4005
2022-07-15,0.0447
2022-07-22,-0.2853
2022-07-29,-0.2026
2022-08-05,-0.4944
2022-08-12,-0.4151
2022-08-19,-0.3798
2022-08-26,-0.2215
2022-09-02,-0.1525
2022-09-09,-0.3256
2022-09-16,-0.4558
2022-09-23,0.1096
2022-09-30,0.4920
2022-10-07,0.1443
2022-10-14,0.2638
2022-10-21,-0.1645
2022-10-28,-0.3037
2022-11-04,-0.4004
2022-11-11,-0.3322
2022-11-18,-0.2302
2022-11-25,-0.2363
2022-12-02,-0.1241
2022-12-09,0.1131
2022-12-16,-0.0027
2022-12-23,0.0120
2022-12-30,-0.0520
2023-01-06,-0.1709
2023-01-13,-0.4228
2023-01-20,-0.3919
2023-01-27,-0.5144
2023-02-03,-0.5551
2023-02-10,-0.6206
2023-02-17,-0.4777
2023-02-24,-0.2400
2023-03-03,-0.4541
2023-03-10,-0.0960
2023-03-17,1.0931
2023-03-24,0.2558
2023-03-31,-0.2822
2023-04-07,-0.1000
2023-04-14,-0.4902
2023-04-21,-0.6626
2023-04-28,-0.2948
2023-05-05,-0.3354
2023-05-12,-0.5143
2023-05-19,-0.4507
2023-05-26,-0.3293
2023-06-02,-0.4683
2023-06-09,-0.6958
2023-06-16,-0.6109
2023-06-23,-0.5862
2023-06-30,-0.6958
2023-07-07,-0.7517
2023-07-14,-0.6911
2023-07-21,-0.7352
2023-07-28,-0.7603
2023-08-04,-0.7201
2023-08-11,-0.6597
2023-08-18,-0.6247
2023-08-25,-0.6814
2023-09-01,-0.6897
2023-09-08,-0.7170
2023-09-15,-0.7114
2023-09-22,-0.7186
2023-09-29,-0.5034
2023-10-06,-0.4331
2023-10-13,-0.5386
2023-10-20,-0.3319
2023-10-27,-0.3502
2023-11-03,-0.6049
2023-11-10,-0.7276
2023-11-17,-0.6195
2023-11-24,-0.7304
2023-12-01,-0.5291
2023-12-08,-0.4956
2023-12-15,-0.6032
2023-12-22,-0.4296
2023-12-29,-0.4129
2024-01-05,-0.5564
2024-01-12,-0.7055
2024-01-19,-0.8050
2024-01-26,-0.8286
2024-02-02,-0.7514
2024-02-09,-0.5986
2024-02-16,-0.6438
2024-02-23,-0.6712
2024-03-01,-0.7873
2024-03-08,-0.7870
2024-03-15,-0.9213
2024-03-22,-0.9380
2024-03-29,-0.9284
2024-04-05,-0.8440
2024-04-12,-0.7952
2024-04-19,-0.4198
2024-04-26,-0.8386
2024-05-03,-0.8280
2024-05-10,-0.9172
2024-05-17,-0.9060
2024-05-24,-0.9578
2024-05-31,-0.8496
2024-06-07,-0.8360
2024-06-14,-0.8652
2024-06-21,-0.8244
2024-06-28,-0.8310
2024-07-05,-0.8252
2024-07-12,-0.8238
2024-07-19,-0.6569
2024-07-26,-0.6183
2024-08-02,-0.3321
2024-08-09,-0.1622
2024-08-16,-0.7319
2024-08-23,-0.6403
2024-08-30,-0.6437
2024-09-06,-0.3882
2024-09-13,-0.3107
2024-09-20,-0.4340
2024-09-27,-0.2653
2024-10-04,-0.6079
2024-10-11,-0.5908
2024-10-18,-0.5304
2024-10-25,-0.3845
2024-11-01,-0.2939
2024-11-08,-0.5613
2024-11-15,-0.7962
2024-11-22,-0.6080
2024-11-29,-0.6107
2024-12-06,-0.5238
2024-12-13,-0.5778
2024-12-20,-0.5025
2024-12-27,-0.6250
2025-01-03,-0.6221
2025-01-10,-0.8050
2025-01-17,-0.8283
2025-01-24,-0.9733
2025-01-31,-0.7631
2025-02-07,-0.7847
2025-02-14,-0.8304
2025-02-21,-0.7605
2025-02-28,-0.4540
2025-03-07,-0.3566
2025-03-14,-0.2191
2025-03-21,-0.6453
2025-03-28,-0.6254
2025-04-04,0.0949
2025-04-11,0.5673
2025-04-18,-0.2061
2025-04-25,-0.2715
2025-05-02,-0.3443
2025-05-09,-0.4720
2025-05-16,-0.8968
2025-05-23,-0.5029
2025-05-30,-0.5352
2025-06-06,-0.8082
2025-06-13,-0.7834
2025-06-20,-0.6537
2025-06-27,-0.7021
2025-07-04,-0.8773
2025-07-11,-0.7502
2025-07-18,-0.7152
2025-07-25,-0.7952
2025-08-01,-0.6775
2025-08-08,-0.5668
2025-08-15,-0.8153
2025-08-22,-0.7505
