observation_date,WALCL
2020-09-02,7017492
2020-09-09,7010614
2020-09-16,7064475
2020-09-23,7093161
2020-09-30,7056129
2020-10-07,7074649
2020-10-14,7151426
2020-10-21,7177265
2020-10-28,7146306
2020-11-04,7157479
2020-11-11,7175417
2020-11-18,7243080
2020-11-25,7216480
2020-12-02,7222414
2020-12-09,7242658
2020-12-16,7362592
2020-12-23,7404039
2020-12-30,7363351
2021-01-06,7334809
2021-01-13,7333968
2021-01-20,7414942
2021-01-27,7404926
2021-02-03,7410598
2021-02-10,7442225
2021-02-17,7557402
2021-02-24,7590111
2021-03-03,7557524
2021-03-10,7579901
2021-03-17,7693506
2021-03-24,7719622
2021-03-31,7688988
2021-04-07,7708882
2021-04-14,7793104
2021-04-21,7820948
2021-04-28,7780962
2021-05-05,7810486
2021-05-12,7830663
2021-05-19,7922883
2021-05-26,7903541
2021-06-02,7935703
2021-06-09,7952327
2021-06-16,8064257
2021-06-23,8101945
2021-06-30,8078544
2021-07-07,8097773
2021-07-14,8201651
2021-07-21,8240530
2021-07-28,8221473
2021-08-04,8235073
2021-08-11,8257159
2021-08-18,8342598
2021-08-25,8332743
2021-09-01,8349173
2021-09-08,8357314
2021-09-15,8448770
2021-09-22,8489824
2021-09-29,8447981
2021-10-06,8464032
2021-10-13,8480942
2021-10-20,8564943
2021-10-27,8556181
2021-11-03,8574871
2021-11-10,8663117
2021-11-17,8674970
2021-11-24,8681771
2021-12-01,8650402
2021-12-08,8664524
2021-12-15,8756666
2021-12-22,8790495
2021-12-29,8757460
2022-01-05,8765721
2022-01-12,8788278
2022-01-19,8867834
2022-01-26,8860485
2022-02-02,8873211
2022-02-09,8878009
2022-02-16,8911033
2022-02-23,8928129
2022-03-02,8904455
2022-03-09,8910748
2022-03-16,8954306
2022-03-23,8962474
2022-03-30,8937142
2022-04-06,8937592
2022-04-13,8965487
2022-04-20,8955851
2022-04-27,8939199
2022-05-04,8939972
2022-05-11,8942008
2022-05-18,8945898
2022-05-25,8914281
2022-06-01,8915050
2022-06-08,8918254
2022-06-15,8932420
2022-06-22,8934346
2022-06-29,8913553
2022-07-06,8891851
2022-07-13,8895867
2022-07-20,8899213
2022-07-27,8890004
2022-08-03,8874620
2022-08-10,8879138
2022-08-17,8849762
2022-08-24,8851436
2022-08-31,8826093
2022-09-07,8822401
2022-09-14,8832759
2022-09-21,8816802
2022-09-28,8795567
2022-10-05,8759053
2022-10-12,8758969
2022-10-19,8743922
2022-10-26,8723090
2022-11-02,8676870
2022-11-09,8678886
2022-11-16,8625620
2022-11-23,8621390
2022-11-30,8584576
2022-12-07,8582735
2022-12-14,8583413
2022-12-21,8564411
2022-12-28,8551169
2023-01-04,8507429
2023-01-11,8508587
2023-01-18,8489039
2023-01-25,8470557
2023-02-01,8433610
2023-02-08,8435369
2023-02-15,8384767
2023-02-22,8382190
2023-03-01,8339684
2023-03-08,8342283
2023-03-15,8639300
2023-03-22,8733787
2023-03-29,8705942
2023-04-05,8632384
2023-04-12,8614797
2023-04-19,8593263
2023-04-26,8562768
2023-05-03,8503994
2023-05-10,8503017
2023-05-17,8456760
2023-05-24,8436255
2023-05-31,8385854
2023-06-07,8389325
2023-06-14,8388323
2023-06-21,8362060
2023-06-28,8340914
2023-07-05,8298312
2023-07-12,8296923
2023-07-19,8274552
2023-07-26,8243344
2023-08-02,8206764
2023-08-09,8208241
2023-08-16,8145727
2023-08-23,8139066
2023-08-30,8121316
2023-09-06,8101318
2023-09-13,8098779
2023-09-20,8024090
2023-09-27,8002064
2023-10-04,7955782
2023-10-11,7952054
2023-10-18,7933162
2023-10-25,7907830
2023-11-01,7866664
2023-11-08,7860691
2023-11-15,7814991
2023-11-22,7810814
2023-11-29,7796145
2023-12-06,7737385
2023-12-13,7739566
2023-12-20,7724063
2023-12-27,7712781
2024-01-03,7681024
2024-01-10,7686710
2024-01-17,7673741
2024-01-24,7677230
2024-01-31,7630124
2024-02-07,7631300
2024-02-14,7633874
2024-02-21,7581683
2024-02-28,7567807
2024-03-06,7538857
2024-03-13,7541969
2024-03-20,7514348
2024-03-27,7484739
2024-04-03,7439558
2024-04-10,7438176
2024-04-17,7405506
2024-04-24,7402434
2024-05-01,7362474
2024-05-08,7353408
2024-05-15,7304272
2024-05-22,7299566
2024-05-29,7284319
2024-06-05,7255687
2024-06-12,7258974
2024-06-19,7252542
2024-06-26,7231163
2024-07-03,7221520
2024-07-10,7224079
2024-07-17,7208247
2024-07-24,7205455
2024-07-31,7178391
2024-08-07,7175256
2024-08-14,7177688
2024-08-21,7139952
2024-08-28,7123238
2024-09-04,7112567
2024-09-11,7115001
2024-09-18,7109137
2024-09-25,7080059
2024-10-02,7046925
2024-10-09,7046840
2024-10-16,7039284
2024-10-23,7029408
2024-10-30,7013490
2024-11-06,6994299
2024-11-13,6967108
2024-11-20,6923731
2024-11-27,6905140
2024-12-04,6895827
2024-12-11,6897485
2024-12-18,6889332
2024-12-25,6885963
2025-01-01,6852491
2025-01-08,6853554
2025-01-15,6834070
2025-01-22,6831760
2025-01-29,6818186
2025-02-05,6810935
2025-02-12,6813513
2025-02-19,6782332
2025-02-26,6766101
2025-03-05,6756764
2025-03-12,6759571
2025-03-19,6755982
2025-03-26,6740253
2025-04-02,6723452
2025-04-09,6727416
2025-04-16,6727113
2025-04-23,6726930
2025-04-30,6709277
2025-05-07,6710889
2025-05-14,6713270
2025-05-21,6688726
2025-05-28,6673244
2025-06-04,6672885
2025-06-11,6677155
2025-06-18,6681056
2025-06-25,6662200
2025-07-02,6659598
2025-07-09,6661912
2025-07-16,6659273
2025-07-23,6657715
2025-07-30,6642578
2025-08-06,6640843
2025-08-13,6643615
2025-08-20,6618415
2025-08-27,6603384
